Guild,Kills,Deaths,Fame
-,3573,6340,549005517
Maharlika,5494,6347,3101895237
Summers,4389,2913,2479767985
Meerkat Assemble,3358,3040,1575955825
All Rise,5255,3237,2520311711
MO GU,3612,3928,1415830749
PLAC,4375,2079,2244247027
AFTERMATH,2324,2626,773050672
Topspire,2172,1937,751048633
Western Paradise,2052,2621,635639951
Chikipi,2897,1909,1415056460
Griffin Empire,2148,2239,1043394612
SubuTai,2073,1978,987768739
Initial Engage,1576,1291,539408307
Forever Night,1267,1940,417374956
Earn money,1433,1706,608116389
HeIIo Kitty,3229,834,1318542871
Rescue Station,1780,1287,825170932
F A M I L Y,1587,1483,770454478
BeasTDaK,1561,1078,467408835
REGROUP,1818,1272,811142936
chill here,1600,1246,772293023
S A B O N G,1224,1606,657435194
Speed Check,1991,822,154368832
Artery,2433,1061,381104552
PAPAYA POKPOK,1044,1052,258540043
Conscripted,1195,676,473578565
HappyDay,1198,1708,416960333
xCUTIESx,1555,1299,550738753
MAX VERSTAPPEN,1681,577,169384530
Snake Snake Fish Fish,1320,1123,521128837
COALITION,940,826,376874115
Springs,1592,728,693501886
Singosari,1226,1215,287161532
Meow Immortal,671,1495,296620928
Nemo Nemo,719,1191,253986288
ACM,1108,881,498841972
CHANG,864,1273,286494719
CCTV,1251,1064,460622482
not cute anymore,989,907,260584924
Minerva-X,1418,813,593447496
Boar Army,717,1770,162499959
snow forest,1077,675,452634221
All The Villains,1158,556,452887694
Coup de grace,545,885,149204558
PSC,788,817,223699711
SO EZ,662,697,232551996
CTA,771,605,274736205
TRlUMPH,600,769,197818201
CapybarAAAA,716,597,94992058
Reworld,549,674,176552627
MANIFEST,461,927,73818214
Solo-King,878,711,243001617
Crusader Kings,699,739,276063102
Dreamweavers,747,552,60173993
Raze,786,632,180022691
I The Flying Dutchman I,567,333,224490582
B L A C K P E A R L,520,724,149313103
Kingdom,722,762,109451777
Laughing Boulevard,1071,474,382470047
Malevolent,821,432,275342636
R E V O L U T I O N,525,563,225294131
CoCa1nE,502,742,162344645
The Neighborhood,621,567,159874869
Real Man,636,470,163360776
The Myth,461,385,141143791
Wild Cards,593,759,172931134
P U R G E,648,344,249958859
Shining Star,504,566,96275246
Meeting Stone,626,629,162685209
Good Times,690,367,342284171
Fenr,559,373,184450886
KUMA,363,393,123813277
Spero Spera,467,742,99311005
Never Say Never,608,409,240879287
HuaDaBin,513,435,172358411
Freaky Fools,496,402,182799694
Helios Phoenix,366,548,58879438
Circus,408,499,102949179
Masked Bandits,518,496,175915941
Farm Or Die,806,426,161444985
PalaceGUARD,832,333,367500996
Once Upon a Time,555,425,320590217
CRACKER,735,486,148682373
V1OLET,347,382,50865872
Behavior,284,575,56118874
Karmic,274,573,76571042
Beavers,632,345,161457182
Pink 7,379,472,74902887
R O O K I E S,520,334,150400880
7FALL,331,435,142993856
S Y N D I C A T E S,498,399,94842134
Demitasse,383,469,81073096
SPCL Brotherhood,233,417,103178949
2077,431,559,61904840
MoneyHunter,309,587,30691587
Children Of The Dragon,352,409,110490941
KATANA,295,368,58475821
Stellar Alliance,395,373,97595423
NO_OC,394,397,134549121
Dotorii,369,377,61838492
Tiandao Pirates,379,725,56244673
GOD EATER,292,349,59328210
ALBION AFTER S3X,309,299,32917952
Dragon Blade,346,411,42574338
WhiteSuits,198,360,21112397
THE WARRI0RS,234,459,28321779
Cut Throat,464,328,188065214
Mammoth King,329,291,118468041
Journey Uncharted,589,338,213514405
High Cards,240,447,35282101
Invade,241,276,95411101
9INE,520,349,188122223
One More Times,183,418,63199378
KongFu PanDa,382,366,147261155
ETIQUETTE,288,391,106421330
Eternal Edge,471,249,240510516
Frostbite Reapers,254,157,37611328
QuQnnTATnnOvO,406,248,46317377
F I K A,342,286,122504167
R O S E,309,258,94119560
D R A W I N G,349,254,95518603
THE RELATION,338,226,25296329
Crimson Radiance,310,195,36767868
The Lonely Moan,223,332,28986579
VlRUS,578,228,365144659
Big mom,210,316,93434270
Pierce,317,275,48144845
V A G A B O N D,260,211,98523941
Pink Memory,397,184,141760435
eRa Empire,225,325,40054758
F R O Z E N,244,349,35992638
South PH,308,286,89722628
Midnight Rose,122,317,13382531
RABBIT RAIDERS,130,357,17687151
321 Demass,128,373,17885528
Chosen Few,114,342,23058597
Ping300,266,340,84263418
Secr1T,285,269,114721864
AK-47,248,281,33688355
BENG_BANG_PH,190,243,35760717
L O C U S T,320,386,30821867
Seven Hill,195,465,23566563
Sentinels Arc,327,238,18703788
RYLs,153,337,37968291
NVDHi,280,155,45826895
C O V Y,146,216,23512037
H B J,413,263,126887999
Allvg,128,289,72523147
Old Singularity,145,299,73594749
Kunfayakun,131,182,14488504
Ga LinBei Low Cha,259,230,64091523
NULL,191,365,46157330
UnifyVN - 304,180,215,44151201
DieVirgins,209,320,14929439
PLANET,298,247,70764548
Reborn from Nirvana,228,275,17099584
ToyBoy,163,180,61660690
SLAF,119,279,6764332
The swallow,314,279,48967330
MoFuMoFu HEAVEN,101,247,13913590
Dragon-Mi,252,205,82293374
Old Man,160,189,55669894
Noob Family,106,239,10721899
Ruthless,216,181,18242168
Orphic,142,124,16104517
LAC THAN,257,208,24681605
A Brave Man,96,282,14631354
KADAL,128,206,20032757
Blue Phoenix,237,168,39072162
Tarumanagara,88,199,8507246
Heaven Knight,245,218,95150175
sexie,338,231,54010327
KaLaewKaLad,276,104,40164802
ABSURDVOH,308,102,19494478
Tree Viper,315,178,131795177
Blue house,201,185,52641060
Switching To Heals,118,179,14264007
TONPA GANG,88,186,14953234
A p os t l e s,69,234,20382488
Noctis,203,85,71939886
MABAR,85,147,14717536
Griffin Legion,184,185,72034760
Empyreus,125,189,48186636
Critical Impact,223,138,14912907
Emergency,147,65,34289178
H Y P E R T E N S I O N,147,146,20926353
Hot Choc,135,196,32919909
Free Butterfly,97,239,14531646
Peng Lai Xian Jing,157,160,22306731
GIGAN VIII,72,274,15653334
Tohou Project,128,153,38848314
Jia Nan,80,298,6118524
1CTA,104,171,38280288
The Fide Blood,96,170,18828513
CREED INTERNATIONAL,62,153,14983170
Garden babys,73,183,18194654
Bread and Berry,169,145,71661547
Floralia,157,108,29436979
G A I J I N,105,127,16616003
Rainbow Dk Horse,98,208,24772542
The Last Rise,160,110,52702696
AAAAA,161,217,14665888
VINA HOUSE,93,149,28515466
PSYKOPATH,125,128,8745900
C K S,164,157,65855071
Kids On The Move,110,169,14644263
Hooman,58,157,13220530
Pristine,250,97,60508755
M O G A,171,127,33094142
Crazybabys,93,226,14612399
The Jellyjot,160,106,83012024
JSCL,106,160,14004761
THEMERCENARY,35,173,5953811
Battleborn,142,87,25242637
Red Circle,99,164,8795061
Shu Shan,93,139,14829132
TEAM_MEMOL,131,157,12927756
7SinsX,87,97,10355156
Kendan,175,90,10147318
Lazy Bear,128,113,15620969
Wing of Liberty,184,176,23979347
SpartanS 300,56,129,4521653
IndianGanG,250,77,131939081
ALAS KWATRO,39,183,4375416
Tengkorak,81,125,7430030
Mathias,104,226,6643403
Auroras,95,144,6922279
DOJO,103,53,28828481
The Boyz,142,130,15789549
Protagonists,107,98,45115918
ALL VICTORY,120,115,25152677
S D G,98,218,9656542
The Undead Angels,70,155,4591770
ArWang,121,90,37829503
WaI WaI,141,87,61875769
VIET NAM ssm,37,125,3506575
LEVELING,185,97,17529780
Flash,104,104,34130478
Snow Moon,66,87,24885812
GaoLaoZhuang,161,140,20040988
POOPII,90,81,22930135
KajiRingo,260,79,19625346
OPFarmer,43,91,4189664
Meowfia,104,99,43644290
Sapling-MIU00,132,105,15766153
Wavei,145,137,36051217
six doors,129,109,47878605
Shadowborn Syndicate,40,110,4979384
Driffter,89,124,7085672
Ocean Waves,85,77,6635569
Ban,248,81,17301192
Raining,76,120,17962643
KAKI TIGA,19,78,3621948
Clap Me Daddy,154,67,18704621
Noctera,88,110,20394707
STRAYFANGS,42,113,3383869
The Ritual,117,97,55729936
Believers,51,95,4659550
Lumi,27,93,3115289
Magnate,69,149,18411772
KNIGHT_OF_BLOOD,300,22,35221834
The Northern Lands,59,116,17670560
Backup Station,153,77,68581505
Kleinschalige Genieter,43,78,28310832
cat and rat,57,116,24324781
ISKRA,70,109,4129379
VELARIS,60,43,10077160
DEMONIC EMPIRE,64,83,36162769
Speed Run,78,85,17791003
F I G U R E,55,101,11775926
The Northern Constellations,95,89,8130857
Reich,38,99,4306268
B o S,53,105,12577354
GGerDrug,129,81,25399920
Jagdgeschwader 52,73,75,13246607
Government Program,77,128,5618142
UNITED THETFORD,36,82,4595109
Lightborn Syndicate,42,61,5794234
OneDone,86,38,24299099
octugram,67,131,4095082
Frostborn Exiles,23,87,11892162
Buzztard,59,121,4327799
First love,79,109,14947084
THE-PURGE,39,97,4896440
The Rice of Asian,10,90,1751635
Endless Combat,24,99,24236258
ON MA HEAD,55,80,26522029
CTRL ALT DEL,73,108,3866528
Matcha Ore,119,82,8416318
GTO Nazarick,20,105,2354344
Echo of One,57,43,4987822
Evangelion,55,79,11693099
Blackfang Covenant,23,31,5918749
SyntaxErr,54,50,5978586
QUILL,57,63,9235295
The Rumble,45,83,9584147
Endernations,29,90,8900518
Family Type,27,110,5852417
Reaction,27,18,7627521
Three Two One,69,92,11190159
ULTIMATE REALM,29,57,3694929
mechanical,29,72,4706123
Medieval Royal Guards,34,84,2640421
HollowCrown,32,76,2201042
Suger Babies,31,80,3612615
CATHEDRAL OF RAT,84,69,23691561
DEATH PARADE,24,77,3911455
A X E,55,91,7662711
S Z P,34,102,4238840
Easy come Easy go,48,61,21403724
Blue coral,36,36,6055464
CNTC,22,69,1605712
Wicked Croc,27,49,2357360
Typhon,51,91,3098028
Avenger Regroup,35,76,8769940
VN1945,42,56,12283375
Princesse Maker,68,39,21092478
Albions Ark,40,117,3284255
The Elders Pact,24,60,2070680
The Savior,57,105,6539484
BULAN BINTANG,66,79,16861468
The Scarlet Dawn,36,57,2351571
Creation Camp,54,37,3877053
B L O O D L U S T,62,84,4482971
Lymhurst Ranger,18,62,1779012
BounTy_TH,16,49,2487747
Taylor Swift,166,14,7968097
FLOW,71,28,3886802
itinerary,60,55,4081808
PoopooDancers,53,42,20465043
One Shot,38,51,5972556
Dang Xiao,51,73,27413712
bosaBOSS,14,85,3457141
Prodigyy,43,54,23696556
Astartes,72,74,4940750
G U I L D,9,45,1554570
MIKE TEA,60,49,20034784
AinzOoalGown,110,27,4837000
Alone in The Mist,20,76,1887582
Chien Than,49,56,10157641
red king,47,37,25749593
God_Of_War,53,98,7757932
Avalnom,54,50,21988907
EQMS,43,49,10534359
LYM PORTAL,45,89,2958533
Lai tsai Project,42,109,4177942
TheGreyKnight,29,36,3854817
Horcrux,24,27,4533381
FAKE INFO,58,58,26170482
Snowflakes,42,66,10742227
XHCN,27,32,4571444
Packet Loss,59,56,3844183
Gungn1r,24,85,4668826
Dwargon,78,13,4915702
Hog_Rider,57,23,6586959
G A U T A M A,54,102,2834017
Guerilla Warriors,13,72,1849209
Mahatma Suvarna,13,29,2526230
HIRAYAH,40,63,3224052
HEGEMONY,5,42,3157792
Nomadz,8,56,1130329
Kunlun Jade QingJing,39,50,5411944
ChipsO Federation,61,53,4454540
10 My friend are coming Run,22,83,946692
GATHERER-INDO,29,30,1897449
Absolute Dragon,32,51,3037279
Whyme 2,62,73,7939070
Tree_Of_ Faith,18,34,1955553
asile,10,40,1422270
Chlamydia,13,42,996805
kings mansa musaa,61,69,3842298
The Academy,13,62,1595138
Crusaders of the North,12,44,1140293
Galthering,108,78,7959070
Mam-moth,17,36,1549433
Tamilaga Vettri Kazhagam,33,64,4396009
Chien Than Academia,60,53,26562734
Final Stand,14,73,5658690
Dark Soul,16,68,1389919
The Salty Chefs,118,55,11265049
cai bi,23,57,7677629
Save Me,46,39,3005968
P O L A R I S,106,30,8466089
First Company,67,81,4551082
The_APEX,29,43,8858564
nanjingdapaidang,28,41,2462787
tamago X gohan,21,39,2140881
Gather Anti Gather,43,50,20059783
NewNew Young,31,73,3550357
Husky Empire,45,64,10086201
The Question,27,28,8940742
Mochi Kingdom,15,47,2048799
Outlaw404,68,26,25904832
Ordo Musaceae,48,27,2896502
Lym World,19,60,4002180
G U N N E R,54,46,13260318
C A E S A R,78,20,7778524
Auraka,23,78,2084663
Future Party,37,19,17029366
Bridgewatch Academy,39,17,8073977
I Slytherin I,51,38,10969018
WowMayKay,28,55,3820466
Wild Ape,78,45,23159487
I M P E R I A L,33,31,11550229
Harmonia Eternity,8,34,958151
VN-KANGAROO,41,29,25065481
Mount Never-Old,28,54,1424355
UNITED REPUBLIC MERCHANTS,11,37,876491
Are U Oke,30,30,3084528
ROYAL,104,20,9267563
CAOTAIBANZI,13,47,2864646
TEMPLARS_ORDER,39,35,3779566
The REVENGERS,9,53,1130138
DNS,24,30,1338239
BARDS ALE,57,15,5396390
TiGiGi,6,18,1103611
Ghost Face,27,55,3483847
Tcho-Tcho,14,53,2951723
Cao Lao Trang,20,40,6464513
The Wardens,25,40,2498860
Shark Chew Toast,29,24,3285066
takkasin club,11,45,974405
Court of Nightmares,13,25,1271433
Call to Heaven,19,44,2050019
KINGSLAND,3,26,954406
Netorare,42,12,3286408
FxxK,48,48,7160632
pig bank,22,46,1849629
WINDPhoenix,11,49,3883862
R E A D Y TO D I E,53,19,4513156
REDEMPTION CODE,10,54,1221525
NeGalius,4,27,1530887
GARUDA,21,55,2032534
1V1,27,27,2897790
Second Fear,25,26,9571512
Sea Lion Victims,26,7,3211108
Bonjour,20,33,13528425
New_World_Order,16,54,1399065
anomali SILUMAN,17,29,1399919
KAI RUY,24,28,2106727
I FORSAKEN I,36,35,4944212
666GG,26,9,22854114
B-E-L-A-T-squad,48,14,5651143
CrossBlade,8,33,1012114
Fight Or Run,17,32,2349099
AK-74,21,42,7019892
BORN AGAINN,31,8,2505139
Redips Society,13,12,2880183
Cheer,47,22,11978738
HuZhuHui,56,37,18084503
ONG BUT,27,41,4690033
Gathering FARM,12,25,1001331
GOBLIN CAMP ID,6,35,535501
Hudyat,6,19,1733865
MDL,38,32,5216618
HUSKIES,10,6,3300970
hua,14,12,1370718
Battle Maniac,37,53,3544134
AVA,15,44,1685725
8Sp1Ders,31,28,21509106
SlowLife,11,23,1486723
Snow Angels,33,56,2492904
Wayfinder Knights,6,48,1378950
ROYAL CROWN,4,18,2275875
Anggota-DPR,13,30,1342759
O U T L A W,7,29,1095996
K R U N G S R I,19,45,1549494
Gondor,20,35,1989202
AZKALZ,5,40,742222
KPA,18,15,1752850
VietNam TheFord,17,29,1441770
The Castle Knights,25,25,2092105
Sylvan Gaia,5,30,775332
THE WEEKEND DAY,24,23,3012337
SINGAMAS XI,4,33,727383
Solsticee,19,63,854122
LEGION SOUL,22,18,2997197
Strange Journey,8,10,1482487
Sunset,9,24,13683909
M A R S,13,22,967418
SOLAR BENEDICTION,5,38,473283
FlavaClouds,3,22,14140879
mao-ni-ma-de2B,34,37,13240058
PETANI BERSENJATA,20,39,1216934
Hong Xing,39,33,4209292
Fightin fool,19,19,4094782
NEVERLUS,6,43,984366
GARUDA LEGION,12,42,984996
Luminous PH,31,15,1801533
Shine On Me,8,12,913857
Global Unity,4,29,687885
NIMBUS,21,23,3250925
Verdant Ring,28,31,4685009
BISAYA LIFE,14,29,1136334
Money Belief,7,24,6675034
gou8,18,32,7346177
MoneyMoneyComeOn,6,32,902033
Sanity Eclipse,12,29,11332077
BATAVIA,5,19,1236997
Pussi Gang 69,10,34,574237
Web of Shadows,27,17,1641585
VARTICAN,25,46,1962966
KAIBUSHI,3,28,478471
Demon Fang,13,36,1594710
Parmata,7,28,830739
JiangHu,23,34,4844015
Lube Core,23,16,2438338
TwinHead Thunder Dragon,9,22,1166353
66_66,33,6,2442149
LunSol,42,22,2202597
SHENJI,14,23,2012300
N Y X,24,45,4637621
E X l L E,19,38,14873707
OPC GGININDER,11,16,3265369
The DailyLife PH,9,27,1249223
POLRES LYMHURST,8,22,580160
TakusaVegas,20,22,2332323
SBNFC,9,14,1177884
W BLOOD,8,18,884329
First meow meow,7,27,5221723
Army of Ape,25,37,1861064
3RATs,24,10,1473839
NB FOREVER,3,48,489251
N E O - H E R O,13,43,1910641
Welangbumi Gronggongan,2,25,822518
OneFame,27,21,4192997
decider,3,24,17067998
An Guild,52,42,8309947
POLSEK ALBION TIMUR,10,12,699716
xNEMESISx,4,36,1209853
Arena Ghost,4,29,512842
Faksi Kegelapan,3,40,378271
FORTUNAtE,4,29,299306
INTERGALACTIC BAGANG,14,34,1676801
disconection,2,3,1059970
Calbee,42,18,3079077
SANDBOUND,5,31,469452
GRIEVING-SOUL,7,18,1556592
CCAV,14,14,1838555
NO-RE,14,22,7082091
Goal Killers,9,35,602768
DeSaiko,12,17,1446879
PRX,26,18,2408284
CVLT,14,6,3282401
reDot,37,12,1548085
WhiteDragons,3,26,783727
Swim Dragon,25,26,2482755
China,11,31,3109159
Warhammer Dark Tide,21,23,1789279
BEHEAD,31,13,15602157
Titan Blaze,2,30,770407
RISER,13,24,705716
Never Regret,4,24,389055
High IP Low IQ,9,24,1071406
The 1st Order,3,26,325972
D_MINGSSS,8,12,1613072
FOREST REGIMENT,5,9,1488920
slaves leader,25,19,4684878
Rising Winds,6,11,1331387
THE-IMMORTALS,12,27,544588
Free Country,7,13,1137035
Avalons Gangsta,21,16,3554336
Chicken Catching Party,25,19,1706236
KumaKuma,10,22,1890983
Stars Legends,5,32,1043022
VOYAGER CORPS,9,18,1041880
Fsszsb,16,25,2650243
HOUNDS,10,11,648838
PDl PERJUANGAN,3,10,452430
CL OV ER,8,6,1480449
Filibusteros,4,17,1278072
Angry Burmese,5,24,6599431
Solvania,20,13,1305361
Idochine,7,36,702288
Use Cleanse,9,17,911517
THE TROUBLE MAKER,6,13,607455
Life or Death,20,20,3190477
Rat Evasion,17,13,7561777
GG969,33,22,2253136
Valmera,5,18,404323
SNAKES OF SKY,4,15,341595
Binary,11,9,808851
Straw Hat,6,15,558125
Gnosa,3,23,287849
PANTYniAUNTY,4,24,478533
HidE0ut,5,34,255138
NobleBloodline,16,21,1546283
Gryphons Honor,4,18,573730
GENKOTSU,7,22,897538
I R2K I READY TO KILL,12,13,905081
Asia Vanilla,5,39,541604
Lord of Yasuke,5,24,615918
Baby_Paradise,5,17,605257
CONGREGATION OF INFINITY BLADE,24,12,1245616
The Gang,11,19,596835
Silent Power,5,11,4381268
Death Wish,25,15,11553497
Wonderpetz,22,9,5341848
Mandala Guild,1,17,194065
B L A C K L l S T,4,22,323617
NoobGaming_YT,2,17,754231
Rainbow Sea,10,18,2219515
Gankrs life,2,23,423113
DragonWorld,19,30,2254285
HBY521,11,18,800095
Crownbound,7,6,1373997
Mistwood Fen,0,17,219425
L O N E,24,5,1085248
Yellow Zone Kings,11,21,597379
HER MES,21,22,1901813
War Bears,5,20,326124
Villain Society,8,21,4631983
HELLO KOREA,14,37,491449
strange thief,34,22,1124752
Ayutthaya Warhost,12,18,14404688
LOOKOUTS,5,17,395107
DeRSimli62le,8,5,713845
Unicorn Shield,40,26,12817617
Overhealing,9,45,530137
NGGang,20,17,3338976
FINAL FORM,6,18,1114249
SDteam,23,22,2884122
Dystopian,18,30,1455698
Boxers,13,17,2802561
deadwood,6,13,621793
RATOP,5,18,2393012
W2P,7,19,558076
niubidian,34,25,1953077
TAKEDA 24,4,27,452043
G C D,17,24,1498636
why you bully me,20,4,1454620
C H I,6,8,633255
L I B E R A T I O N,3,25,587565
Heaven Drive,26,14,13126442
TrueMatch,4,20,766546
MAFIA ZONE,2,17,379809
very very what too,4,19,438972
Aetherium,1,17,296078
ArtEm Warrior,23,15,1134722
MO GU II,19,34,5741559
Soop,5,25,872778
LEGION BYZANTIUM,8,7,738969
Belial,25,27,5364910
Hiraya PH,10,11,329961
SeaFamily,4,13,620656
KEYBOARD,16,14,1149692
YAJUSKBJapan,5,16,602348
ALIVE,14,18,823935
Ironclad Concord,5,14,1047787
BURONAN,14,25,2339387
T H C,25,17,1251009
vermilion,4,12,2741472
REBELSCOUT,10,12,888755
Honey-Badger,4,22,268000
Phoenix Reborn,18,18,2765488
ETERNAL CRUSADE,2,12,461022
SERIGALA HITAM,7,15,377537
SilentMemoirs,4,12,314943
E U N O I A,11,22,663253
booz party,22,16,1956556
80S Guild,5,19,935089
RAGNAROK,4,19,435914
Elden Ashborn,6,17,736017
Screamy,2,25,236268
DRIFTERS UNITED,4,18,379214
WonderPets,8,25,783686
U N D E R R A T E D,16,22,1757642
peace maker,5,14,1160401
VFX,5,20,223450
Petanii,9,17,505670
War of Shawdows,4,17,440229
Atq Fan Club,4,15,279433
HuaLiHuSao,7,17,948626
Marlotck In Heart,4,20,309411
Sweetheart Boom,15,21,3858294
PK MAX,1,17,416647
B L A C K H A W K S,8,22,492416
Albion Newbie Shelter,0,21,92047
HAMSHTER,2,14,713409
GymRats,3,15,562263
HaChiu,5,12,1244641
KHAOS,42,9,4116076
Gold Bless,15,12,2579331
Itot,18,10,3215234
MORGANACULT,9,32,941082
KING REVENGE,3,11,429862
DARK SUNN,3,19,509113
Concordia,2,16,383716
Albionvill,0,17,169481
kokop,8,3,891395
Green Knights,17,10,2993448
ATOMIC STERLING,7,16,690345
VOID OF CHAOS,0,7,253775
Fame Focus,7,8,454551
Red Paw Gang,0,13,384380
The Four Kings,8,12,637062
M A N T R A,37,8,1894179
Everwind,3,16,261271
The Betrayed,4,18,588767
Shut It,5,17,606069
LOSER CLUB,2,16,198382
PUMPIM,5,27,547774
BLACK STAR,6,10,361484
BL4CK SIGIL,6,14,291714
Memek,3,11,352935
KANTO,7,16,401955
SKYKRU,4,16,141216
veni vedi veci,19,21,2109823
Tokugawa,14,13,2108079
Cats Nest,17,13,1639293
MAXs,4,21,180898
Ascensum,30,4,2702522
shangren,3,14,1943184
Guardians of Albion,0,23,130401
WeTheNagas,1,14,125137
SAIYAN,8,17,1572798
BangCuopLuongSon,7,10,674501
Fallen Legions,7,20,453024
JugGerNaut,4,17,203806
GFN-GFN,2,26,488265
NVM SD,25,14,3217504
welcome newbie league,7,23,565246
DRACIN,0,12,155678
HA NOI DI BAY,7,18,722239
Free Loot,2,8,5332815
Lex Talionis,5,11,644727
Eagle Army,2,17,373443
Honeybadger,19,9,2388520
Seaborn,10,7,638914
Luck is not a story,25,16,1017843
Abstract elderly home,10,22,757162
VORPAL SWORD,1,10,475565
Chicken Nuggets,13,14,1545182
Reiver,10,17,1600739
ByronxyStore,7,1,638284
MIRCS,4,9,291433
China Daoism,6,12,1605637
Guerrillas Of Destiny,0,15,158203
The Iron Legion,23,22,2130595
Merchants Creed_Brotherhood,0,15,66300
Fallen Knights,1,12,205002
Emerge,15,16,1061644
Du Liu De Ju Hui,42,13,1479865
Sci,8,4,2541601
Chowking,15,5,704312
YEW WOOD,26,10,1353592
GOLDENDOG,13,10,728624
Bua Liem,1,11,165497
Bhabhi Lovers,0,17,245945
ODOMO lol,3,12,447988
EYYOO,3,14,576959
FREE FOR ALL,2,10,481829
Jungle book,4,9,757797
LYM EGO,9,12,617945
SCAVENGERZ,4,15,367436
Heaven Breaker,9,15,456607
LEGION OF THE UNDERWOLD,1,14,128471
Moon Reaper,13,10,442287
Master Siomai,5,22,316002
ZULFIKAR,8,6,556222
descend,1,14,530460
The Eminence in SHADOW,24,12,3067921
Albion newbie Guild,3,15,402061
DOVATSAMSET,14,8,1049482
Understand,18,16,1996868
Phantom Monarch,1,8,535739
Blue Mist,7,23,1038727
ORCS,5,7,453530
LYSSAN,4,10,187857
Cruciata,22,13,5439766
Trash Panda Syndicate,2,7,384759
The Strangers,0,6,900422
why you crying,34,4,953619
White Blight,8,3,1364083
The Night Legion,11,8,277374
Gravity Legion,11,15,4019532
Arcane armada,0,9,190552
Baschu Lymhurst,9,11,6763787
Biu BiuBiu,9,14,1024780
darah naga,0,7,236137
DRAKORIA,3,8,285834
Hateful Oni,0,9,124077
ARUNACHAL PRADESH,14,3,994332
T H R O N E,22,9,1735228
H A Z E,12,13,1331597
TW-Club,7,13,1095117
RECORD,4,6,817462
CONQUERORSS,1,11,246075
CASH CORE,1,18,202571
Hemisphere,0,6,791318
House of No One,4,9,730964
Eternal Catastrophe,11,17,615390
THE MORGRIM,5,9,791007
WARGA KONOHA,2,11,372010
wijaya,2,4,307880
BanhMi-Gang,7,13,542258
Minerva-j,2,25,2563266
II Aarambh II,0,13,82596
OPM,28,7,2753628
Geiwofeiqilai,0,17,158352
Whirlwind,2,4,328162
QWEWQ,8,7,1372931
Grim Shade,3,8,539759
The Last Whisper,1,9,349448
IcePiper,25,16,1196203
THE HOMELESS MEN,4,12,744924
CtrlAltDefeat,9,9,447981
HELIOS KNIGHTS,8,11,683390
1GU 1GU,2,23,1323890
mizo,8,13,484942
GRAND VOYAGE,5,11,553289
Bone gang,13,18,429532
Tobacco,0,7,248185
PK Hunter,4,3,625163
Lacunarum Custodes,2,14,305605
LGBT LetsGrowBusinessTogether,1,7,799350
HPB,19,6,2581795
DragonForce,12,16,993806
syntherra,2,11,152223
Dear my Friends,1,12,113760
sun empire,3,8,595302
Green Shadow,4,12,285233
Mythical Knight,3,16,120112
Ez-1,3,23,1013228
My Lethal Pony,9,9,2380768
Burger King,7,11,1862023
YANA,2,8,329136
DAFANSHU233,10,11,1241502
Outlands Dominator,4,13,381648
Ronan Griffin,7,10,256556
Zero to Hero-CN,16,8,596904
CatTester,1,10,115590
Srisia Island,3,12,1067668
Freedom_Castle,4,20,135785
The Lightbringers,8,10,693160
NewFalconComunitas,2,13,279109
BURMESE ACADEMY,0,5,579118
TiP,23,4,2222618
WINTERZ,13,12,650220
The Alpha,4,15,186352
MENGXIN,11,12,860950
WARRIORS INITIATES,0,10,168455
OHSOON DOSOON,3,13,147686
ANTEK ASING,1,7,302581
ShadowSins,1,7,122989
Hohoesa Pakchara,5,14,281000
9o6,1,9,154477
R E D - B O S S,3,20,428855
INDOALBION,0,7,102923
Santriwati,3,8,205019
SPERA,7,7,836485
GOWA Empire,1,15,186586
Silver Oath,1,15,27470
Squammy Players,16,3,1752581
Not A Gamer,2,14,184245
CACING NAGA,2,16,502726
Fortune Bank,14,2,916112
a1987,9,13,946204
19jutalapangankerja,15,2,667425
Nyork-Keys,2,14,299536
Fort Sterling41,13,10,2737057
The Dark Revenants,13,8,756254
Lokheim,7,9,414231
FinalDestination,1,11,39177
Snow Wardens,4,8,230218
Anar chy,7,12,666395
ZERAVIM,0,9,140245
N E G U S,0,11,99298
CN V587,0,7,95195
Play In Freedoom,2,12,225838
THE_SINNERS,2,10,203971
OutlandAussies,3,6,129732
CRIMSON CONCLAVE,2,12,660276
hand of god,0,11,156165
Dancing on the grave,1,8,2476875
United Royal Knight,4,9,267515
New heliansheng,11,3,652262
Sun Rises,17,11,6212839
Wolves Beneath the Iron Moon,2,9,221812
Diana,0,7,133613
Beyond Infinity,2,5,188567
ThE Manuevers,5,8,349293
HARD LINE,1,11,199087
Catalytic Prospect,9,11,1494667
C A R N A G E,2,9,275590
Ruthless Few,18,7,1626498
ROYAL CARTEL,2,8,476421
MERCHANTS I,5,6,586072
Karina,2,16,90960
Elitist Vanguard,1,11,101701
Rogue Cat,4,9,811047
Baybayin,11,1,578243
1994,2,3,3084933
Skipper Life,4,10,556493
StrayCats,4,12,790763
NUGGATHE,2,17,334179
WARBAND_COMPANY,2,9,376845
Communist Youth League,5,12,2006010
SEAK JEBROD,1,11,159924
G T R,2,14,232566
Scarlet Bloodlust,15,16,393350
K o m o r e b i,20,4,5668756
Egoistt,6,10,152390
Realest,4,5,611571
ALvaMart,0,6,497928
Laughing Coffn,8,16,659091
Blue Ice,0,8,81555
VIORIF,0,5,82866
LightWeightBby,5,11,380892
GRINCA,2,7,333953
Disciples of Harambe,3,10,371057
R E Z,26,10,1250731
tusi,5,12,1065670
LakeSide Villa,5,11,1324321
The Best Noob here,14,6,1633225
LigmaBall,0,6,231858
Temasek Holdings,1,3,347533
Three Sword Style,15,9,1349364
MOON SHARD,2,11,192292
Kerajaan Solo,4,9,248659
Regnum Aurum Rex,3,34,142898
Manhattan Ape Gang,7,13,1319567
B A N G K 0 K,2,5,427405
Black M0nkey,3,4,1258840
DIU LUN 7 NEI,8,9,3672766
ArcTheLad,1,8,204860
Team Heretics,12,10,647554
ARK Survival Ascended,11,2,1517950
SAKABA,8,15,1094061
Royal Vanguard,7,10,187903
Form2Sick,6,12,448865
xX_ALPHA_Xx,0,12,53169
AzzuraIV,1,9,120467
Wakanda62,0,10,47806
K A L A N S A Y,0,10,113127
BROTHERLY,6,4,424447
Boom l1i,7,4,726340
YUN DUAN,4,8,417958
komanasi,6,6,2216741
BENDAHARA,2,7,442386
Metal Eater,1,13,223784
NiTianGaiMing,1,12,33525
LAST GANGSTER,11,12,646440
VN Cong San,8,25,1079063
under60,1,8,88566
GG-bond,21,5,1247124
SkeIeton,1,8,1017575
Stray Socks,4,11,499026
Mogua,6,6,411934
PL4B,3,4,1433271
OLD VILLAIN GANG,22,8,995095
WHITEOUT,4,7,201939
ScarletValkyries,2,9,106380
BLKLUNGZ,1,6,253050
PVP With Me,3,10,478064
Tradebound,1,10,178269
Mizoram University,2,6,210595
JRX,5,11,338647
BLACK WATER,1,7,449929
SIX PILLAR,3,4,441910
GoldenBlue TradingCo,0,7,252054
legionaires,7,6,153296
Gold_Taiwan,1,10,209892
Make AIbion Great Again,31,9,3347544
MALUKU,0,9,69186
MARLBORO SR,1,11,83717
Gilaguild,3,5,884518
sonagi,1,3,235073
Black Garuda,10,8,594856
Moon Rise,0,6,213786
Yggdra Union,6,5,189383
Fay Knights,1,7,220859
Kiss Of Death,12,4,2715620
LOVUONG,1,6,249977
1973,5,7,3921373
PENJAGAL SEMVAK,15,16,701152
AE Bu Liem,8,3,2115612
MoonHaven,3,6,364440
Knights Hospitaller 7,0,8,148173
Leonhearts Merchant,1,11,95149
VN-2DToc,2,14,320897
BLOOD OMEN,2,12,432484
Shelled Chestnuts,1,7,98991
Abyss Legion,2,4,66556
THE LEGENDARY,0,10,123828
P T,0,2,104625
ELHANGT,4,4,373599
Peony Flower,5,6,1718565
THAILAND EAGLE,4,5,644190
CCTV-13,9,6,546039
Comatozze,0,1,437569
FengFengDaWang,2,10,909510
REDHAWKS,0,6,159490
M I 6,15,8,5133903
Awang Hitam,19,4,1553776
Achaemenid,4,4,305384
fiji souetu,0,6,69896
REBEL DAGGER,2,3,1163314
beautiful girl,3,5,414219
just need time,0,7,1813512
BIG DEAL,1,1,1612910
Legion of Doom,0,10,71089
Raven Reaper,0,9,108475
HXX-Gensokyo,3,3,149800
Wawa Wand,1,6,167954
foret brune,4,7,141268
WAR_HORSE,2,9,85281
JARERNs,5,8,999066
The Flying Dachshund,3,8,440284
markopolo,0,6,245853
Press A to Die,2,10,171859
Finish,3,7,1931051
Chien Binh Portal,28,13,1197787
BABEKINGDOM,10,6,664302
Alpha Warriors,0,6,66868
wower,9,5,779701
MidNight Pirates,5,4,350575
Regular Pawns,4,6,139074
Knights of Rohan,2,9,419891
Purged,15,3,3766452
Langya Special Brigade,5,8,313224
GUILLOTINE,3,9,102328
Rothschild Business Empire,15,7,925585
Phantom Tavern,2,7,72285
TheFarm,8,10,1428000
srdz,15,6,532811
BerkOC,6,1,383990
Ayaka,14,1,913737
NoNNoY,4,15,759333
Sentients,6,6,794624
Albion Newbie Union,1,6,74293
W A R M O N G E R,2,9,156355
EASTERN LEGION,0,6,162353
C R Y,8,3,513931
The Noobiez TH,1,7,235398
NIGHT DEMONS,0,10,151111
KingdomOfJesusChrist,1,13,129156
Demon of Inari,4,5,492215
dmwwrasia,2,9,388487
Ryokohirosue,5,7,1809551
Cavalry,11,5,437848
GoldenRuner,1,6,143111
The Duck Covenant,3,2,203226
PINOY G,1,8,141016
Munelicryst,2,3,233305
AISVARYA,0,9,86603
sshh,2,3,132336
PH Alliance,2,10,254488
The Black List,5,11,234098
Kool Kids Klub,0,2,156867
Wind Cloud,5,10,596414
NoMadS HeAven,3,8,472512
Arufa,2,7,56797
DIUKAMIE,10,9,1607276
Zivota,1,5,88721
Hellen killer,1,5,146968
OMNI SLASH,6,9,303216
Aetherion Order,1,7,136147
Holly Light,0,2,125765
FRONT2BRAWL,1,5,1850022
Albion Newbie Home,2,6,96133
Crocodile Contractors,4,6,124189
Devil My Tempest,1,3,72457
Red Bulls Gold Age,0,9,201202
BF3-NAROCK,1,4,194188
WTP,0,4,161230
AstraCervus,2,5,79423
ALA ALBA,0,11,22135
WalkingInSweatyTown,4,5,365422
Meitei Ninja,1,4,143176
Albion Bulls,0,9,66142
Doritos,4,9,2272808
The Briny Depths,1,2,105614
S K U L L C R U S H E R S,1,7,78916
Drum Teacher,9,5,596736
SteadySolos,2,4,199633
SI HAI,15,8,508596
SATANEEKO,11,6,570755
Lune,2,9,185597
From Zero,1,8,65298
Camilers,2,7,432565
Friendly PVE,10,12,848922
Forever Reign,3,6,646472
KOREAAN,2,5,1211645
RED HUNTERS,10,9,653875
Kill Orgy,8,4,958743
Moonmain,1,7,223580
KIMVET MRINGISS,0,4,129490
SWAMP CROSS RESQUE,2,5,263535
C H I L L,4,6,104186
ASS,9,4,663395
KingsSlayers,1,2,231474
25k,1,7,257716
MODERN PATTERN,5,1,674396
jaya groub,4,9,2007558
SecretAgency,3,2,177435
Malaysia-Indo,2,1,522913
CAIB,16,6,588139
Thee Apostles,2,7,174628
Skip Tutorial,4,4,1571316
Karma Committee,4,2,551038
Bo tuoi,2,5,404363
C A S T,2,2,244976
ARCADIANS,2,8,435163
Gerhana,11,1,1788055
Ars-Nova,4,3,892699
Eminence of Shadow,0,12,8634
GREEN LAND,3,2,136857
KONICHIWA,0,5,141573
3 Thang Ngu,4,5,117702
Black Cl0ver,1,2,119957
GOG AND MAGOG,14,17,321593
Crimson Shadows,4,5,234282
Creative God,1,8,980835
Thing,0,7,80278
J U S T I C E,4,4,105727
Kingdom Of Avalon,0,0,162639
Starleaf Cafe,2,4,144572
YPM,5,4,203552
London,0,11,0
knightchullabbey,0,3,96177
Shadow Army 001,1,10,9161
KING ZED,1,8,106712
SpiderSpiders,1,5,122874
Level-99,4,3,239378
great hammer gang,3,0,375655
Visayan Express,2,7,521604
ULTRAMAN ALBION,2,1,108195
EWSS,17,9,572577
Seth,6,2,240196
Ctrl Alt Del Close Apps,1,4,874333
JingKonTot,1,3,187877
Thugging Central,2,2,296617
XwX-_UnDead,0,11,255874
AetosDios,0,3,23563
Bapack_2Nge-Game,0,2,198734
Onely,0,5,42870
Light callers,0,3,138599
NINJAS,1,8,119325
PT Batara,0,10,24252
Gerifymon,1,4,51652
yep,1,6,66699
Dropsite Massacre,5,1,435761
Crystal Icarus,0,13,20148
Stoned,0,3,133990
SZ Reborn,6,17,1014133
KORAWA,20,3,1371648
SKY WISH,1,9,77729
GGGPVE,2,6,156126
2008-02-02,4,5,195974
BADLAND,0,7,109102
Multi-Nations,0,7,90818
ALL MY LIFE,16,1,629304
Kasanova,3,5,598682
XION ORDO INVICTUS,0,6,127592
Light House,2,9,161883
DirtyRat,3,4,1898157
Sterling Eagles,0,5,46927
Xi Xi Ha Ha,0,0,618152
Melonz1,0,8,42759
JJBAOZHATUAN,0,7,60437
Deaths Scythe,3,10,820615
WARDGUARD,2,4,54478
Atrades,5,4,393780
CUT OFF,7,2,350258
Black Claw,2,2,94186
RAJA SOLO,0,6,113208
Crush,5,6,627256
Laughing Coffin_POH,2,1,325240
day day up one,1,8,298914
John Wick,13,9,661329
Leisure time,4,4,395162
CENTAURI,3,4,133217
V E S T A,2,1,2340890
P O R N S T A R,0,5,67787
Eastern Paradise,0,5,235920
Im so hungry I could eat a dog,5,1,748551
120 carving,0,9,36888
GOT YOU,2,5,86945
BLACK Zazaa,8,9,878763
Ox_Shepherd,0,3,283600
R30 elderly,2,2,204020
Loot Man,5,5,1489373
aabbccddee,1,8,557694
Geney Riodan,2,4,69722
DiamondFox_ID,0,5,191841
Pencilgon,1,8,139310
Assyllum,0,6,34593
EZEarn,11,3,903189
0,0,1,347650
Asgardian Farmer,6,6,548270
Thekno,1,4,87964
For My Bro,2,8,544340
yemushanzhuang,9,5,499880
MAS-MAS JAWA,0,4,46278
Yugto,1,3,231491
Dragons Breath,3,1,250469
ALCHEM1STS,0,3,143283
rotibakarbandung,1,3,197738
FBI 0pen The Door,5,9,398907
AKA-KING,0,3,490861
HeavenFall,0,1,178301
4vX,2,8,174960
Aegis of Fuji,0,6,46913
Sesame Street,1,2,105975
jjg886,2,3,365756
N O I R,5,4,329315
HEI TAO,0,5,269818
Peony FIower,1,8,424622
Yuzi,2,4,2975635
Crown of Ash,2,6,84518
NIGHT WALKS,6,5,361622
ALTAIR,2,6,163517
lalatoyaa,0,2,146027
Cosmic Party,2,0,421033
Skyrim Equilibrium,1,5,83888
LolitaSOS,1,2,201897
Aincrad Vanguard,1,5,124634
Possibly Puissant,1,5,128681
Hard to be Fuego,3,2,787770
Yu Yue Reading Club,2,7,241984
DenseFog,3,5,104028
Mem0ry,1,7,530162
sidsid,1,7,46274
WHITE_HYDRA,2,5,139710
CHIAROSCURO,1,5,597030
BankAiolos,1,5,37353
Basement Dwellers,1,15,60000
AlbionMonarchy,0,3,21103
MERC EMPIRE,1,7,314819
OoOoOoQ,0,3,50761
The Executioners,1,2,193447
Ywar Thar Myar,0,5,60210
Elbonia,2,8,116058
SIS-XXX,1,2,33601
big boom,0,7,2018777
S E N T I N E L,11,1,891064
Myuri,6,4,2827688
Louis Bean,1,6,56007
Black Sails,0,4,945900
3YYY,5,3,411701
SINGLE SOUL,1,4,60560
Steel Horizon,0,4,70688
WAKE UP DOGS,6,4,7654551
happyday 365,6,2,676145
TG GreyWolf,1,1,316655
Massive Attack,5,5,410215
BTAXE,0,2,207043
KrrngKhuong,0,4,105980
Mogu,20,15,941643
busibuxiu,2,4,862960
ReverseGamePlay,3,1,397184
SoloGanker,0,5,91522
Lazy Fingers,0,3,107633
Spiritfairer,1,7,139517
Bowscale,3,3,450525
All In Fighting,2,8,1528056
HongShaoRou,9,1,444534
LukuLaka,0,4,215012
FBI Open The Door,6,0,271762
INFERNAL,3,7,286124
Adorable Wonder Pets,0,6,27018
Heavenly Virtues,0,6,44356
Viruz,0,4,57140
MEMORY 007,2,3,118495
Gangers FUNNAMNOM,4,3,993236
GLACIAL FROST,0,0,78629
Peaky Blinder,1,1,65637
Diamond claw,1,3,91134
Deceiver,3,1,494738
Iron Dominian,0,8,27648
White_House,3,5,143230
Imperium Aeternum,1,5,243208
Shi En,1,4,25461
xiao dao,3,5,700001
Order of Ares,8,1,1292760
PSYCHOPOMP,0,3,37449
GOLD SUPRISE,2,3,1171193
Wilder Cards,2,2,282010
NowBao,3,4,826529
HARVESTM00N,2,6,127934
ASCENDANT SUN,1,5,44909
Naughty Panda,5,4,404421
Bank Rakyat Jelata,2,2,190169
Red Fox,1,4,259633
Couriers Guild,2,4,188854
YedToodMun,2,9,329200
EsanGroup,0,6,68542
0ne_Love,2,2,159444
The Azure Accord,0,6,38204
D E L E T E,1,4,186036
TomTom Where You Go Last Night,6,5,509586
PRISM,1,0,817652
Low Durability Legends,2,4,43891
all pve,6,3,2971833
INDONESIA CORRUPT GOVERNMENT,0,0,101487
Secret House,1,4,984606
TianTuteros,2,4,145392
sun sleep,1,2,275321
BORNEO Lands,0,8,0
Brains n Brawn,1,3,181694
DAMAI BOLEH RIBUT BOLEH,0,3,121261
AlooMinati,0,4,174990
Desire,1,3,200220
restart,2,3,197097
If i die its lag,1,5,125883
GOATED,1,3,22899
FourSeasonsFox,2,2,306446
THE SEEKERS,0,7,5274
Meow x Meow,2,3,408214
wild wolf club,2,1,65629
HEATHEN,16,3,304131
GTMA,2,5,414706
ABOVE HEAVEN,0,4,54052
SON-Nightfall,1,2,78055
Merchant Militia,0,4,205776
ok sit down pls,3,6,250315
Golden Leaf,0,2,81368
LEMBU SI PENJELAJAH,0,4,19395
Chill Play,5,5,136104
MOONBLADE,0,1,101770
markon,1,3,97009
Tokhang,3,5,316704
Over-Lord,0,6,14783
tatakai,3,2,301098
Team Soul,1,3,34938
pvp only,1,2,311358
Niflheim Affiliate,1,2,18133
grimmsOnly,5,0,684599
7K7K,1,2,115175
M U S T A R D,0,2,94594
Z E R O S,4,1,330639
overbudget,0,4,126963
HumBig,1,3,40052
DA DOU SHI,0,4,47034
ZERO PITY,0,4,18157
kawanmlati,1,2,300249
Royal GTS,1,5,72686
Ahri,6,3,709881
The Red Nightmare,0,5,4241
ASIA OFFLINE,3,4,336697
Hunter Bz,8,3,490269
Brightshield,3,2,220758
Everblack Empire,2,5,205194
Noire Atelier,1,4,23216
INDONESIA MERDEKA,0,3,74898
Meow Magician,4,2,165684
wORKToGether,0,4,4828
LST-683,0,7,0
H E L L K E E P E R,1,2,122790
Omega Planetes,2,4,166245
00nemo002,0,3,73127
Azeroth Knights,1,3,181646
QThe ShyQ,4,1,365612
KALONG,0,4,42941
adventurous soul,0,5,30403
TRUM_MAFiA,1,4,33412
BL00DB0RN,0,5,125880
Legio Nova Roma,0,2,61535
Live Less Bank More,3,2,226287
Circle Badut,5,6,380554
Assassins Killer,3,4,47094
Meteor,2,3,392244
Tokyo Revengers,8,3,1475130
noobbbbbbbbbb,10,4,181408
Fish Mercenary,0,4,75643
YYZD,3,8,516425
Cuayo,5,1,348983
STREET MAFIA,0,4,105021
Badranaya,1,0,131176
KFC 7,2,5,458234
SCOODY BOO,10,2,8186631
LANCASTER,1,4,52232
TOKYO_ANTI,0,3,83472
Maharlika Knights,2,2,123543
Nevertheless2,2,0,144939
Wewe,1,3,144485
ARCHOPOLIS,1,3,70460
Snow baII,0,10,97327
Capybara Fam,7,3,469537
Shadow Cattery,1,4,57425
ST Technologia,2,3,130143
bandit,5,6,295097
KEPOTISME,1,5,56345
Arthasena,1,3,152517
BlueOwl,1,3,221235
ID - IND,1,6,50789
wayfares,0,2,82338
G R I M REAPERS,8,0,1089501
GoldenTimes,1,6,364918
GLORIA ETERNA,0,3,13213
P_O_R_S_C_H_E,1,3,63916
Abyssal Princess,0,3,150955
Bearbaric,0,2,48895
Feline,0,4,64151
Royal-Thetford,0,1,94855
Fofo_0721,4,8,130318
Depths King,2,3,240692
sugar core,6,3,98997
Hell Fire Club,0,6,10610
Rofenda720,7,17,443038
Chola Empire,2,3,27857
DOSOMETHING IN THE GAME,0,3,273131
1gaywoligiaogiao,5,3,948744
PENJAGA BUMI,0,5,61600
Next Miracle,1,5,67845
Havox,5,3,567516
Uchione,0,3,13326
ANNIKKIA,6,2,398189
Your First Love,0,5,23808
Culto,1,2,33486
DAWN OF LIGHTS,0,5,43651
Side Quest,1,2,68123
DELICIOUS IN DUNGEON,0,3,25591
Oblivions Call,0,5,33574
AKATSUKI ORPHANS,0,1,119593
nomery,0,4,58872
KattyGang,2,3,36249
noxium,4,4,147258
OneG0LD,0,3,22575
Stronghold Crusader,0,6,11623
GGBONG,3,3,83980
ENGAGE ON ME,9,1,1203849
khatti lassi,0,5,62939
The Simp Gang,6,6,397292
TIMNAS Garuda,3,2,368339
Hache Courte,1,1,326240
baifenbai,3,5,138331
PH-Crusaders of Light,0,2,29740
KNIGHT OF BRIDGEWATCH,0,4,9083
SERIKAT ASEP,4,0,71847
The Flying Monkeys,3,2,59285
Northern Heavenly Sect,1,3,108422
7AKE AWAY,1,5,105813
TIKITIKI,2,8,313509
Death Of Ava,0,6,12102
The Great Sea,1,5,67236
All me,2,3,70154
RAKUTAI,0,3,854309
PAIPANcorps,0,4,61975
VILLAGE,0,6,29757
Nilfheim,1,3,113010
KZR-Fams,0,2,11933
CAPITALYSM,2,2,127241
B A R E K,2,3,83178
COOPER,0,3,5050
ldyydl,2,2,196839
DRAGONRIDER OF PERN,0,3,9708
NATURE_Team,0,7,0
MATARAM HOOLIGANS,0,5,9915
CobraKai,1,2,31277
MORGES,2,1,119033
Mid,7,0,810899
appelible id,1,0,50050
Jakol Hero,1,0,756119
TuZiNO1,2,4,517244
MAHAMERU STONE,6,4,326766
One Tab,2,2,721322
Kocorea,1,5,34905
Game Of Throness,2,4,380639
Estetiks,0,4,137941
NYXORA,0,3,60220
NOVA LEGION,0,5,65671
Someshit,0,1,64540
Ridiculous Artists,2,1,2831317
Ichigo no pantise,0,5,7626
Centris,1,2,21416
gathering yz,0,3,82362
LovePve,6,2,123888
MARTLOCK_ELITE,0,1,74005
Royal Pathfinder,1,1,115888
The Exiles,5,5,320174
Guardian Gentleman,8,1,329557
BBCocq,2,0,124304
Ground Mother,1,1,175465
kodoha Region,0,3,47384
K4V3C1UB,1,5,104456
Limit Of Glory,2,4,435049
Transcendents,1,4,52630
Aqua Deer,0,2,354996
S U P K A I,6,3,456754
GRAVEBORN,0,8,0
SOLO DAY,4,3,98950
KocoreaVill,0,4,13360
NAGA PEOPLES FRONT,2,4,339709
TheSpiders,6,3,468670
FEAR ME,1,4,1243397
climbers-cn,2,4,27180
B1G MAPLE,0,5,390272
Avalon Little Punch,0,5,17481
INDOMINUS,0,3,44817
Eternal Garudas,0,6,0
DST MAMBA,1,5,71428
TERMUL,1,5,50541
PupupuLand,2,4,198859
MYSTIC KNIGHTS PH,0,3,55349
Feburary Knights,1,4,85184
Forsaken Sanctuary,0,6,2610
PorkyPie,2,3,323298
NGENTOD,0,2,70859
hall_of_fame,6,3,968902
G R O U N D Z E R O,1,2,108323
GOD of INNU,1,3,45051
ANTI KORUP,0,5,53743
Sterlingrad,0,0,110148
Forest Cat,0,4,5261
SOLO IN THE MOON,4,3,177705
VOIDBOUNDS,0,0,162892
Loot And Donate,1,1,46833
EL FAMILIA,0,3,2397
CCR,3,8,233945
SSRR,0,2,29334
Barudak Waluh,0,2,87011
Farmers Allegiance Company,3,1,185592
V A L H A L L A N,5,2,524730
huan,0,2,397330
batubara,0,4,15720
Albion Royal Mercenaries,3,4,220609
Albion Community,0,2,38817
KNYACKI,0,5,28004
THETFORDIANS,0,0,32630
The Fried Nation,11,3,400388
Nyarvelous,2,0,81082
S E V E N,3,1,209696
EVERWHELMING,0,4,9726
Only for PVP,7,0,966694
2-3RB,0,4,21577
BAHOgamers,0,2,48151
Fatal Force,3,2,96485
grlln,4,1,144512
SAOdeyapi,4,0,601788
ibomb,6,5,430957
S A B O G,1,5,133646
warstar,2,2,1473148
F E N I X E,1,1,62134
The Last Human,0,4,80056
GAMZA,0,1,71686
White angel,0,3,40489
DREADLOCK,0,4,13571
Poverty Hunter,0,4,26222
TDCJ,0,3,28467
SUN RISE,0,4,32807
HARAISE,1,4,78762
THE_EMPIRE,3,6,395729
Elsilva,0,3,12179
Vobby x Lina,2,4,130083
SUNSET ROLLERCOASTER,5,0,590391
Chasseur Expeditionnaire,0,4,30698
F A N G,0,2,16859
BLACKWATCH,0,1,37600
No Gank No kill,3,3,78856
team famous,0,2,217578
J Q K,2,0,64119
justbros,2,0,283995
ENGINE,0,4,4461
BCHDDM,0,2,177229
PEOPLES CRUSADE,2,1,212904
yuke,5,0,718943
new boombap,1,3,17412
Do It Yourself,0,2,10335
HOLY ROMAN EMP,2,3,19665
888ty,4,1,826529
geumcheon asylum,2,3,167124
BlackParadise,1,4,9013
TAINETS,2,5,128955
FLOCC of SHEEP,0,3,51843
Biceps,0,4,16739
SuonPH,1,2,221116
BlackPirates,3,1,29604
No Mercyy,0,0,138808
Peterkingdoms1,0,3,685099
Eldoria Throne,4,1,141034
gang of three,3,3,644789
Shinsengumi,0,2,85090
Holo Lqm0n,0,7,917140
HCM - VietNam,0,2,14932
ZeroToleraNce,2,5,193249
LOHJNAWE,1,2,67269
Old boy,3,1,486049
ACT4,1,1,54510
Dead End Party,3,2,429701
Borneo Almighty,0,2,35425
Red Bull OC,0,1,145816
WhatThatSkill,1,3,59830
ToxicHell,1,7,45376
MIGI_TW,3,3,202734
Lost Hooks Monastry,1,1,70792
No Gathering No Life,0,2,41429
OKTAGRAM,5,4,285981
Get Rich or Die Grinding,0,1,103203
CROWN ON TOP,1,2,108823
TEN4CITY,1,6,344568
votre,1,2,106410
Fudzbiel,0,3,12286
CRAZY DIVER,1,4,510147
RAKSTAR,2,1,158895
JustBored,5,2,313262
MY LEGACY 80AN,2,0,160511
Gank nd Bank,0,3,59445
handsome,6,1,197436
Nefariouss,2,1,25010
Cempaka,0,1,29942
CRIMINALS,4,2,157479
KINGS CRUSADE,0,4,24635
WINTERGUARD,0,2,13826
The Suramarian,0,4,2980
Shutup Fxckoff,1,2,118498
yellow and black,1,1,521761
I am King,0,2,275429
UndeadWarriors,0,3,8649
RunOrDie,2,2,521368
Moment,0,2,136362
youti_lab,0,2,35270
Asia Merchant,0,4,1000
CORRUPTS,0,4,11094
TheAvatars,1,3,80514
D O double G,0,8,0
momok,1,0,26327
OniChanDizz,0,3,0
Yesllsvllsv,6,2,219314
CrazyBearZ,0,1,62746
CALICO,0,1,92866
54188,1,2,70530
Big Black Cat,1,1,38873
Beggars Of Thetford,0,1,49433
ReadyPlayer1,1,2,86757
P O I S O N,1,0,232109
SILANGAN,0,2,25378
ELONA,0,2,9759
shadow ghost,1,2,106709
DynamaX,0,3,600
Game king,0,5,112834
Cassanova Army,0,1,17999
SLTH,2,1,64361
H N D,8,3,301439
your big papa,1,5,60035
BANGSAL TEROR,1,1,31516
ACAB 1312,3,0,89241
Erebos,2,1,383700
xXMUGENXx,0,3,39621
GENG SOLO,1,3,234082
Thronebound Shadows,0,2,11978
DARK EMPEROR,0,2,48357
MACHERIE,1,1,55091
Lord Of Mysteries,0,2,29604
RIP N DIP,1,3,41577
NENEK TURBO,1,5,12810
XxOVERLOADxX,1,2,43484
INEFFABLE,0,1,7105
ALONEMAN,1,3,70488
Brand of Light,0,2,98980
Hwnag Fam,0,4,6302
Gleinmoor,0,3,5879
The Newbies,0,2,11475
ONE SPARK,2,0,286682
E F I M E R O,0,4,38784
ENSENSE,0,2,22381
Bites the Dust,0,4,0
Sons Of Anarchy ID,0,1,12792
SCAMER,0,3,1142
CXKGG,0,3,7307
Land of the Plaguelord,0,2,25835
Random Players,0,1,27844
Ganker Pemula,0,1,41054
ninhbinh,0,3,14722
Tinkeronly1,0,4,0
Devourer of Gods,0,0,84272
EGO EAST,0,2,416808
QUIT,6,7,218070
THE LAST STAND,0,1,78962
For Fight,1,3,35364
BLACK CLOWER,0,2,29379
BLACK DOG,0,2,26714
RITRATECLAN,0,0,91546
DKPJ,3,1,151167
Nightfall Cartel,0,2,97903
F L A W,0,4,1430
Children of Epstein,4,4,421662
Republic Of Permafrost,0,3,7307
VN-MORGANA,1,1,942071
THE CONTINETAL GROUNDS,1,1,41795
L D C L H,1,1,35434
Anh Sang Cuoi Con Duong,0,0,24600
Mercenary Truth,1,2,7219
How you Pve is how you Pvp,3,0,196265
GACOR,2,1,22999
Neophyte Vanguard,0,3,3970
R O A M,2,4,56728
The Valorians,0,0,37822
Genesis Aesir Pantheon Climax,0,1,48068
Dominate for you,4,4,190311
Times New Roman,0,1,140465
S I X S I X N I N E,0,0,100273
Godiresidence,0,0,115256
MoonlightGuardians,0,3,14774
SMURF,0,0,183230
GranDeon,0,3,27750
123qaz,1,3,286055
ko8778,2,0,56716
LUKAP,0,3,35690
AntasenA,1,1,219543
uRu_home,1,0,65234
DHS,0,2,337582
Covenant of Champions,1,2,39824
SamberGeni,0,3,66659
RobinHood,2,3,15681
Chaser of The Wind,0,1,227594
SQteam,0,2,103176
A1A2A3A4,0,2,208336
Moonlight Shadow,0,1,42041
MooMoo,4,2,499853
DAMN,1,2,101416
WILD RAT,2,2,466108
The Catfish,1,1,133931
Theatre of Blood,1,5,244746
Albion Asia,0,1,281920
Wanderland,1,2,39319
Mucksmen,3,1,113298
Outlaws Crew,2,0,40356
xxSOLVANE xx,0,2,50717
Sunset Travellers,0,4,13583
GOOP GOOP GOOP,0,1,42967
DrGungsCroissant,1,3,8980
House Of Mirrors,6,1,653769
PureCloud PH,0,4,0
Connected Circles,2,1,93691
Azur,2,1,200613
Partai Buruh Indonesia,0,2,61905
Suicide Renegades,4,2,206944
dogus,1,2,38898
skywars,1,3,57205
Forsaken Light,1,1,61552
ORDER-X,0,3,23814
The Last Generation,7,2,374777
PH CREED,0,4,0
TRACKERZ,1,1,329752
The Master,1,1,81550
Cang Hai,1,3,175730
BRAWL ARMY,1,2,549096
L O S T,2,4,237554
GOTHAM KNIGHTS,0,1,41873
HANSALDISINKAT,0,1,25702
ShadowArise,0,2,12359
Spear King,1,1,276735
MATADOB,1,1,78358
U N I C A T,0,0,23415
Tokecang,1,1,947303
NO FEAR NO TEAR,2,2,26945
Albion Mercenary,0,2,4234
Buffolo,3,1,256549
FurrPect Syndicate,0,2,4140
Thunder of dragons,0,1,10240
PhanHaSib,1,1,13161
BLOOD SHDDER,1,2,477502
1_WOLFRIDER,0,2,16736
CookieGamblers,0,4,0
Onelord,0,3,2522
Burnt Spider,0,2,18746
Optimum,1,2,70928
Scavengers0,1,2,158789
HeNan,0,3,90638
Monster West,0,0,15083
A-W KING,0,2,71575
T1TaN,0,2,44522
V1234,3,2,32436
The legends,0,3,0
Wolves Of Caerleon,0,0,28094
D O T E X A,0,1,26394
BDEXs,0,3,1514
00keaiookeai00,3,5,154742
Henduoren,0,2,15989
Made in Japan,1,0,329217
HaikyuuTeams,0,4,22584
Exporter,0,3,0
Fate,0,2,222124
Crafter V,1,2,41628
Bard Of Anarchy,0,2,2142
LuxAether,0,3,3390
Ina Watcher,0,2,7018
TheKingIND,0,3,4004
Knight Kingdom,0,2,54385
YourLord,0,1,78254
Alenka,0,2,6105
alismaili,1,1,57696
SilverBuffGorillaz,0,0,56800
DAMOCLES,0,2,77905
Ma Mya Win,0,1,64962
Dark GunZ,0,2,336955
Traitors of the Impure,0,1,23112
LSPD,1,1,8851
syndicate god,0,1,11816
The Corrupteds,0,2,1227
laba matluk,0,1,111266
HELLS DAREDEVILS,1,2,143693
Academy,1,1,45981
Blasphemine,6,0,774398
PPV,0,2,22223
House Goodbrook,2,1,242753
REPUBLIK INDONESIA,0,2,1333
Pandoras,0,2,16672
LIBORIO,0,3,7554
Dong Bei,5,1,524327
AGGRESSORS,4,2,148139
Imperial Guardian,0,1,44624
AkatSukatMalang,1,3,14734
Macho Media,1,2,840297
Royal Legacy,0,2,7426
VENDETTA AGAINST LAG,0,0,15087
Kuda Hitam,2,3,112479
BLACK MONOPOLY,2,0,43909
KEDO,1,0,308505
TUFF TUFF,0,2,370613
ar lone ka nyi ko twy,1,3,46920
xxSPARTANSxx,0,1,71732
Zongheng Strategists,0,2,53420
Lingan Guli Guli,0,5,0
shadowhunter,0,2,29163
Seeing Our Happiness,0,1,7782
LanJiaoTao,0,0,59340
mavishome,0,1,89474
PaPhet Company,2,1,191144
DHR,0,3,55781
ARCH KNIGHTS,1,1,52803
free newber,1,2,81100
FABULOUS,0,2,3484
Infected Valhalla,2,2,37207
Asia Trade Federation,3,2,245842
BLACKHEAVEN,1,2,33398
Ala,0,1,42793
The Ruthless Angels,0,3,0
Give Me Your Sis,0,1,13845
BAN RED,3,2,51117
MC corp,0,1,121275
LastStando,2,3,61674
Adventurer Rank G,2,1,91786
Elsyron,0,2,47046
Energeeks,0,2,187320
watashiwatsukuu,0,3,0
Life of hard work,0,3,0
Jinn Club,0,0,73068
MONEY GAME,0,2,2650
TUAN,4,2,324436
Pokai Blinders,1,0,29873
Go to Game,1,3,27109
Cassiopeia,0,2,39956
PinoyHinayopz,0,3,0
Comfort Zone,0,2,62116
Yulin,0,1,168835
HIGH_GUARD,0,1,18398
GameSenseWW,1,3,38592
B a r b a r i a n s,0,3,147784
Super Detective,0,2,168835
columbiformes,0,2,134796
Bead House,0,2,168835
Golden Brown,2,1,13504
101,4,2,161345
luckday,0,2,168835
INCEPTION,0,2,44542
Super Kawaii,1,3,137723
shelter,0,3,876
TebetCeria,2,2,267980
deepseek,0,2,175654
Ogrimmar,0,0,7165
TEAM ROCKET,0,3,0
Chosen,4,0,133284
THE SILENT REQUIEM,0,2,6046
Reapers Due,0,1,3139
Strygwyre,0,2,99786
Nivis,0,0,50049
PINOY_GUILD,0,2,16506
Ursular,0,2,6486
SHADOW X HUNTER,2,1,207855
Only Corns,0,1,302989
little_pig,0,5,0
ORDER OF PRIDE,1,0,104571
Jogja Istimewa,0,1,87753
Enjoy Life First,1,2,228119
FATE-Excalibur,0,2,30750
ON ME,1,2,62443
MOAOM,0,3,0
Psz,0,3,307172
Frostskulls Devils,1,1,92007
SUNRlSE,0,1,135437
THE KNIGHTS OF JUDGMENT,0,2,7568
KopiGRANITA,0,4,40061
Maldito,3,2,523196
Big Boost,0,1,1252168
Seductive,0,1,27455
hazardyo,1,2,77031
Renkei,0,0,12646
PEMERINTAH,1,1,566245
TWO MAN ARMY,0,2,50169
Fools Gold,0,0,4724
Pencari Silver,1,2,45136
No Mancing No Party,0,3,113082
MODAGURI,0,1,60473
MaiWaiLaew,0,0,9003
Shin Chan,0,0,221399
KRAVENIX,0,1,12282
mahu,2,0,81048
XCVI,0,1,3290
ARENACRISTAL,0,1,44539
Rancak Danum Banai,0,3,0
DXZ,1,2,91707
Fan XING,3,3,92349
Path Of Erudition,1,2,169668
v12354,0,0,16033
Clavem,1,1,84919
KFCv50,0,3,45915
APC - Alive People Club,0,2,8371
STILL LONELY,0,2,5401
piikeru,1,1,15493
HallOfGrims,0,3,0
Eye Of Death,0,2,3639
PaoComOvo,0,2,1678
miaomiaomiaomiao,1,1,275863
Fun and Pleasure,2,0,188829
R A S C A L,0,0,53162
Puppies,0,3,880113
Assert Dominance,2,1,1395767
RULERS,0,3,2142
Impak Maksima,0,2,10599
TingDiDaAIYiJiaMeng,0,2,44511
gavgavknight,0,3,1311
CHINA-SHENZHEN,0,2,18190
Xandros,0,1,40328
NAH25,0,5,0
lingmuge,0,1,15413
Tanuki,2,2,155521
Emperors Marauder,0,2,134735
Coup De Bisaia,0,1,34881
YVES SAINT LAURENT Y,1,0,42073
indo guild,0,3,0
Y O K A I,0,3,0
Give Me Your Sister MF,2,1,77815
Flowerson,1,1,62791
kinsparta,0,4,86228
Closure,0,1,119533
hunter noob,1,1,119533
boar armyx,0,5,0
Awake,1,1,138424
For Your First Step,0,3,0
AURA FARMER,7,1,1184019
THE WAR,0,2,31021
My way,0,3,0
CBF,1,0,70546
The Lio,1,1,103841
ava crusades,0,2,83011
Egg League,1,1,18243
indianguild,1,1,67896
T O K Y O,0,2,29387
Kimowa,0,1,37710
notwaga,0,1,28802
Adventure Travel Inc,0,2,12171
XIAOTUZI,0,0,40907
Camphunter,2,0,204826
HarryK Legacy,10,0,895806
TanTamDai,0,0,22017
Eagles nest,1,2,142848
LEOA,0,2,1848
Syaiful_Arifin,0,1,13372
Ragnaroka 2026,0,1,28189
Frost Enjoyer,2,0,259332
SPARTANSS,1,0,116864
Hong lang man club,6,0,117123
Solo Nep,0,2,0
AWL,0,2,128607
KANGpukul,0,2,0
Ma Ma Lover Myar,0,2,4106
Dmwibu,1,2,8568
NUMEROS,0,1,778
desert cat,1,1,15637
CHAOS ID,0,0,52753
Universe25,0,2,49397
Astra Ignis,0,0,3648
Zer0 Gravity,0,1,26098
Last Adventure,0,3,28529
BOMBERS,0,0,47458
Dean,0,0,31900
BLackSilver,0,1,1159
The Inquisition,0,0,8230
WarGod,1,0,30507
IFort SterlingI,0,2,0
Alan,0,2,0
AssassinsHunters,0,1,15989
NIFLHEIM VANGUARD,0,1,74612
CORPSE COLLECTORS,0,2,8318
Diamondback,0,1,6868
FMSL,0,2,0
Aloka,0,1,2884
Bravo,0,1,13049
Black Haze,2,0,436706
The Four,0,2,0
Hot Coffee Essence,1,1,21757
Dark Charmer,0,2,33119
GenG Abang Tikus,1,2,9867
WolfBorn,0,0,1892
MorsNoctis,0,0,1701
Rujak,0,1,38592
FORK KNIFE,0,2,15513
Courageous Cucks,0,2,33704
SouthsideTH,3,0,931366
ChimCha,0,1,108596
XHUNTER,0,2,0
Meerkat Academy,1,0,35284
smallsmall,0,0,10027
Silent Storm,0,2,0
Black2White,0,1,9543
Knight of Sterling,0,1,6934
Gradian,0,1,9965
DIVINE GENERALS,0,0,4352
Ashen v2,1,4,39360
GuildGooglyMoogly23,0,2,0
LEGION1,1,3,33216
THEFool,1,0,0
Tree of Beyond,1,3,22584
Sadist,5,0,900271
TIANLALA,0,0,71668
INDONESIA EMPIRE,0,3,0
The Ds,0,0,443965
Lumarinian,0,2,0
Generals Ph,2,0,111073
CONTRA,2,1,125250
kitkatclan,0,2,0
Ascendant,0,2,5252
TheSterling,2,0,23706
Kingdom Stalkergaze,0,0,56100
Emperaning,0,0,45904
light of darkness,0,2,0
FAFA,1,1,122694
Kucubung Effect,0,2,12488
MIDNIGHT R0SE,0,0,11892
Kowloon Wall City,1,0,19676
Revolutional Army,0,1,35361
L T K Z,0,1,74736
ZINGERS,0,1,9063
Flankers,0,1,60041
III JESTERS,2,3,14526
JAKOSTIG 4G,0,2,4628
SABITAH,2,1,195129
NIC3,0,1,13173
So-so,0,1,2809
I N F A M O U S,1,1,73467
PiyoPiyoBrigade,0,1,39939
Hakuna Matata,0,1,217419
The Muggers,0,2,66264
Hellsworn Syndicate,0,1,12684
Ambusher,0,1,43805
Raptor INC,0,1,14011
FlowerCity,1,1,86913
Red Spiderz,0,1,808
IRON BONES,1,1,379160
Fr Bailand,0,1,373726
Kim dokja company,0,2,0
P A R A S Y T E,0,1,13460
THE RED KIN,1,1,31663
Pos_utama_kurir,0,2,0
Geostigma,0,2,0
ssak ssak,5,0,658003
TW-GIN,0,2,0
LOSERS CLUB,1,0,24923
Sanguis Sanctus,0,1,46023
RAGNAMOK,1,1,62451
wa are crafters,0,2,3537
SerikatPaceBersenjata,2,0,120085
House Buratheon,0,1,117431
SENKEI,0,0,227633
INCOHERENT,0,2,0
Austere,0,2,0
Beginners Base,0,1,5829
SWAPER8RULER,1,3,182817
Creation Ph,1,1,42217
FlowersCityCasual,0,1,6350
SHANCHES,0,2,0
Laterano,1,1,49670
Boston Kreme,0,0,26135
WarBornSyndicate,0,2,0
TerraGroup,0,2,9838
We Thought This Was PvE,0,1,10023
CursedSkull,0,0,9286
Valiant Immortals,0,2,0
of the North,1,1,477467
kurtlar vadisi albion,0,2,0
Albion Rest,0,1,10837
Lunation,0,1,17183
Rivendels,2,1,186446
DEITIES,1,1,5904
ThuThiThanXa,1,1,38352
Heavenly Sect,0,3,0
Dragon_Kings,0,2,50044
DARK KNIGHTz,1,1,4349
Moon Tree,0,2,0
PARLOR,0,1,37008
BATTLELION,0,2,0
first blood,1,1,10665
North Knight,0,1,12103
YeoPo,0,0,95100
Farmer Fisherman,0,2,0
The Red X,0,1,37946
justcrafting,0,0,755295
Rainbow Gay Bar,1,0,30318
CuocSongVoThuong,0,2,0
Fishing only side job,1,1,79458
MomsTouch,0,1,36425
Arkan,0,1,10239
Abyssal Voyage,0,2,9449
lalababala,0,0,33154
Wings of Valor,0,2,13560
lixiao,0,2,0
HHHHHHHHHHHHHHHHHHHHHHHHHHHHHH,0,0,14887
PURE GOLD,0,2,0
BLACK WIND,1,0,101656
SumTingWong,2,2,108456
OODr,2,2,166166
Lady Boy,0,1,7463
koryen,0,2,0
I BRD I BROTHERHOOD I,0,0,5040
FATE-stay night,0,2,544407
Mark of the conqueror,0,2,24982
Chill Kill,0,0,91333
HOLY SPIRIT CULT,0,2,0
Inland Taipan,1,1,70324
YANG233,0,2,70324
HeavenlyDemon zero,0,0,17899
WSNiBaBa,1,1,29592
KEEPRS of the OUTCAST,0,3,28228
S H I E L D,0,1,3202
Vegetable House,0,0,85016
Holy Outlanders,0,2,8767
Lilith,2,2,32412
S E A,1,1,90017
HIGH RATE,0,2,0
SouthEastAsia Trading,2,0,507500
Insurgence,0,1,39558
Ports Of Lima,0,0,220171
Du Ka Mei,1,0,7551
Korean Knights,0,1,3832
DlSBAND,0,3,81777
TokyoBear,0,1,223396
solo bolero,0,1,4252
Linday,0,2,1516
VUUR,1,1,4567
Royal Ventures,0,1,7685
Cattails,2,0,214787
Royal Family Of Caesar,0,2,0
FREE LOOT HERE,2,2,35898
GLIG-1,0,1,83150
king inahmo,0,1,51941
king bear,0,3,7688
Tiger123,0,2,70324
Oceanic Valor,1,1,16343
Night Covenant,3,5,20529
Craft101,0,2,0
AreaOutLaw,2,1,9535
KZ_ARMY,0,2,0
Yoo Bro,0,1,4355
redmaomao,0,0,8053
C-M-R,0,2,0
Meta Void,0,0,1881
Tyrannis,0,3,0
Public Service Announcement,0,0,32249
Prydwen,0,1,10965
NCRE,0,2,0
D E S T R A X,0,2,47168
Dvalin,0,0,5678
Spare no one,0,2,29265
Delete,3,1,202786
THANHLONGGUILD,0,2,0
ChoonWah,0,1,49416
MeowOMeow,1,1,80028
ENT1TY,0,1,21550
Silver Bullet,0,2,262748
Chaser,0,0,18748
We are,2,0,246724
No Masters,1,1,26346
Chronos,0,2,0
Fort Sterling Company,1,1,15205
Twilight Vanguard,1,1,10394
Dok2,0,2,104482
Shawdow Garden,0,1,62775
OpenAI,0,1,2198
Solairion,1,2,148460
BighealEya,3,2,26519
Ryofui Economy,0,2,17587
CLOVER EMPIRE,0,2,1218
PASTER,0,1,32030
BLACK FLAG TRADERS,0,1,2493
Death or Glory,1,0,73824
fonglearn,1,0,30884
TheLastLetter,0,3,92253
Durian,2,0,1345222
KTS,0,2,9963
ANGKAWAN,0,0,8998
LSPHZH,0,1,66145
F O R S A K E N,1,0,151151
ABYSS LINK AGENCY,0,1,2165
H P J,0,6,31917
FotKot,0,2,0
Lion Hearts,0,1,13212
KINGPROFIT,0,1,21046
MS Morning Star,0,2,0
4396,5,0,220575
Art Of War,0,1,2188
S C A V E N G E R,0,2,2037
Fresh pork empire,0,1,12455
FriendStill,0,0,25479
Deutschlandd,0,1,9416
Fight for love,2,1,212108
Loog e haa,1,1,22951
Dragon Crazy DxD,0,2,0
Samsara,0,1,13334
Blade Mail,0,2,0
BANTENG IRENG,0,1,5922
2556,0,2,0
Ben and Ben,0,2,24707
conquer,0,1,21760
TuT,0,1,10920
REPO,1,1,89577
Chou Xiang,2,1,129689
AyoWtfBro,0,0,75758
JSK,0,2,0
Randoms,1,1,49416
MgaBatangWalangMagulang,1,1,2736
Dreadveil,0,2,0
Polar Bears,0,2,0
zhuzhuking,0,1,18745
World Of Nine Realm,0,1,36168
Mountainheart,0,2,0
Silver Wing Brilliance,0,1,24758
Extreme teaMs,0,2,5157
Eat More Pukikay,0,2,36431
AGM,2,0,185330
tech,0,0,36168
No Plan,0,2,23732
SilveradoM,0,1,11664
HIGHT AND LOW,0,1,20641
Dputa,1,1,482439
The Kingdom Of Silent x 420,0,0,12755
Protos Agonistes,0,1,76827
Rima,1,0,180583
nicigama,1,0,13712
Gummy Bears,1,0,9876
AlbionVillage,0,2,11406
HYDRA REQUIEM,0,1,1218
World Cutest Chick,1,2,33160
SOYBAD LYM,1,0,28402
X Alliance,0,2,34861
Way of the Taiping,0,2,0
RINASCITA,4,2,172946
TAHANAN,0,2,0
Red Howl,0,0,59092
GRIMMS SLAYER,2,1,23624
Butchers,0,2,24794
Shadow Eagles,0,2,0
Anomali Club,0,1,22677
DFT8,0,1,20111
Flame Martyrs,1,1,33947
A E T H E R,0,1,14851
Albion Indonesia Raya,0,2,0
Death Eaters,0,1,7265
Black Mist,3,2,144491
SOLUMBRA,0,2,0
Forgotten Banner,0,1,26965
70bbe,0,2,0
Winterkeep,0,2,18140
TERLALU MALAS,0,0,19310
Agares Pilgrim,0,1,15838
ASAM LAMBUNK,0,2,0
Nexode,0,0,34222
LUNARBLADE SYNDICATE 404,0,1,10686
WoErHuo,4,1,117123
VIDIRAN,0,2,0
DOMO,0,1,8753
smugglers creed,0,2,0
TheNightRaid,0,2,20205
ciownfish,0,1,11749
Sorodot Gaplok,1,0,39300
EsanSlayerXI,0,2,0
Ignavia de Pisces,1,0,34437
DeathRave,0,1,0
Dark empire 200,0,0,30190
This-Promise,0,0,58432
Peaky Blinders,0,0,58432
NoBu,1,0,13126
How to play,0,0,9847
Penyembah Kaleng,0,1,0
The Lost Boys,0,0,3629
ROYALTY X1,0,1,3887
Ukrainian,0,2,0
MysticGuide,1,0,16461
nama sesuai keyakinan,0,1,0
BQ OC,0,1,0
Untamed Axis Covenant,0,1,26141
Mortal08,0,0,6934
Quarry,1,0,58209
Silent Accord,0,1,0
ALASTERS,0,1,0
Spear and Sword,0,0,12493
Big baby,0,1,0
SAMURAI SPIRITS,5,1,294879
Brothers Union,0,1,0
The Pact,0,0,1719
Samosa With Chutney,0,1,4115
King Of The Night,0,1,0
The Solo Villain God,0,1,0
MUNAFIK,0,0,8334
Kestrol,0,1,0
World of Peaceful,0,0,67671
Smartist,0,0,22889
m c t,0,1,0
Son Of Smuggler,1,0,42979
Immortal Swords,0,1,0
ICE BORN,0,0,43557
The Ghostveil,0,0,3939
Sentinals,0,1,0
LEE SOTE,0,0,42979
hephaestus pamilya,1,1,11088
Over-_-lord,0,1,0
Persona Non Grata,0,1,0
M A S T E R,1,0,397628
AntHtoo,0,1,0
Heart of Thetford,0,1,0
tiandihui,2,1,71304
All or Nothing,0,0,4770
WTF RAT,3,0,68616
Tesla369,0,0,976
Rparachik,0,0,10630
lunareth,0,1,0
PAING1997,0,1,0
Puoi Gang,0,2,0
ANAMIKA,0,0,1018
What A Brawl,1,1,198937
F R E E R E S P A W N,0,1,4344
farmer hero,0,1,0
HIGALA,1,1,2397
Polite,0,0,16218
Knights of Azeroth,1,0,126438
Claim Trade Co,0,1,0
All FILLIPINO VIBES,0,1,0
The Chosens,0,0,16603
Ngakaks Co,0,0,10453
Supreme Devil,0,1,0
Araw No Tomo,0,0,4670
Evenicle,0,1,0
feel me xD,0,1,0
Eternal Empire,0,3,0
Murim Alliance,0,1,0
Baddie,0,0,960559
Gangster Bang Gun,1,0,236519
Crmson Vanguard,0,0,30058
Nzzz,0,0,13809
DOKKAEBI1,0,1,0
ZHSH,0,1,0
kill pigs pigs,0,1,0
Zensha,0,1,0
H O R O S H A,0,1,0
Silent Witch,0,1,0
ReClair,1,0,500680
Sylvan Oath,0,0,1320
Indio,0,1,8357
Yellow zone only,0,1,0
Balloon Corporation,0,1,0
STATIC RATS,2,0,280365
Profit After Smex,0,1,10822
Anthropocene Era,0,1,0
YOLO-111,0,1,0
ALL FRIENDZONE,0,1,0
Township Angel,0,1,0
GoldenGoose,0,1,0
MONETES,0,1,23364
Prep,0,1,0
Chilling Smite,0,1,0
t6enjoyers,0,1,0
Isla d3lta,0,1,0
UUCCH,0,2,13234
Celeng-Hitam,0,1,0
NIKA II,1,0,78324
Kill the party,1,0,157788
Fun Albion,0,0,2405
Red Silent,4,0,119362
Sakura Blossom,0,1,0
TIES,1,1,78404
Bapho met,0,1,78404
Akagami,0,1,0
nagalulu,0,1,0
Coco Cafe,0,1,0
AAA,0,1,41561
CasualGamer,0,1,0
the Gods of deth,0,1,0
YunShen,0,1,42089
Crimson Vision,0,1,0
Solo Vermin,0,1,11317
TatYoungWarSoLeeBL,0,1,146437
tSHORVA,0,0,76258
OVERDRIVE,0,1,0
CAIJI FAMILY,0,1,0
RRQ BANGLADESH,0,0,40860
Moro Islamic Liberation Front,0,1,0
UIIAI UIIIAI,0,0,2478
PANTEON,0,2,15747
RoC,0,1,0
TheBoss,0,1,0
SexDungeon,0,1,0
L122844033,0,0,9528
UNDER-WORLD,0,1,99323
EL_DORADO,1,0,369435
Rawa Rontek,0,0,793
Of The Garden,0,1,0
RED ZONE,0,1,85336
ERTELIMA,0,1,0
FLiP,1,0,30186
Extincts,0,1,0
A GGbond,1,1,4701
Tian Kon,1,0,20055
DATAH,0,1,0
Taiwanindependence,0,1,20540
Gas Terus,0,1,0
GLEAN,0,1,0
Nyingje Mitakpa,0,1,0
Marlboro Merah,0,1,7663
TONGKRONGAN,0,1,7663
Deep Zero,0,0,1795
Bapack2,0,0,4334
KnightSpeeD,0,1,0
DARK CREATION,0,0,7726
GGBonds,2,0,243648
Sinners Syndicate,0,1,7554
last step,0,1,28864
Imperial Vanguard,0,1,0
Feeling Pro,0,1,0
SARDAUKAR,0,0,1672
The savage,0,0,914158
DalniVostok,0,1,0
EzY,0,1,0
ECOM,0,1,5668
kings mansa musa,0,1,0
NOCTUA,0,1,0
Ashadiya,0,1,0
Never Lucky,0,1,0
HomeLesssss,0,0,591890
Golden land Warriors,0,2,0
S O L I T U D E,0,1,0
Undead Village,1,1,27240
Gloomy Sunday,0,1,0
ADL,0,0,23872
True Noble,0,0,6409
TheBorgs,0,1,0
Edwwax,0,0,46554
HELIOS,0,0,77611
Shapeshifters,0,1,0
GeraldNett,0,1,0
Old Chiken Headquarters,1,0,222988
GX9,0,1,0
cotton hood,0,1,0
The Villagers,0,2,0
6,0,1,0
thanhtochairsalon,0,1,0
Targsss,0,0,7339
thundercat,0,0,7339
LouisVuitton,0,1,0
Z A V O D,1,0,115902
SCELINE,0,1,0
BW hammers,1,0,25479
War Hunter,0,1,0
Log__Horizon,1,0,186421
InMyEyes,0,0,243445
ONIKU slayer,0,1,0
OBLIVION ORDER,0,0,169060
Predators Among Prey,0,1,0
Caerleon Tea Party,1,1,577205
KaizokuShinigami,0,1,0
JomMaanraai,0,1,0
Uchiha house,0,1,0
RHANK BODY,0,0,5676
Tralala,0,0,5676
DESTROYER GHOP GHOP,0,1,0
Nine Lives Legion,0,1,0
G O L D,0,0,53655
Annbu,0,0,31365
TOHA,0,1,0
Paws n Claws xx,0,0,5848
Eternal Gate,0,1,0
Myanmar burma,0,1,0
gankcca,1,0,93303
I HATE ALBION,0,1,13272
Gnarly,0,0,5040
KISHIDA,0,1,1170
I NUSANTARA I,0,0,127496
OYO_OYO,0,0,4060
Balbal Tayak,0,2,23675
XxDLLMxX,1,4,63940
UNSC,1,2,24990
OXILON EMPIRE,0,5,0
HENZIN,0,0,14417
Alter Ego,0,1,0
Eternal Primodials,0,0,20322
Sprayland Isles,2,0,370423
The Silver Night Rabbits,0,4,0
crusadors,0,1,0
New Chapter,0,1,0
DEATH PIT,0,1,0
SnoozeBrunch,0,1,204330
T1an Xuan,0,1,0
Flame Blades,1,1,160299
Six Kingdom,1,0,1338423
CAGYL,0,1,0
Demons Run,0,1,0
The king_s son,0,1,0
kill and loot,0,1,0
Nilfgaard Empire,0,0,9259
Chihuahua Family,0,1,0
SAO Laughing Coffin,0,1,0
perfect team,0,1,42640
makememoney,0,0,18805
Space Wolves,0,1,0
Apex Havoc,1,0,514511
Killer Eagle,0,0,6735
Mote Sane Lrr,1,0,12142
Army of Shadows,0,0,16260
LAce,0,1,0
Martlock and chill,0,1,0
Jonnys Entertainment,0,1,0
Science Office,0,1,0
yni,0,0,5083
Ginebra,0,1,0
Sagilek,0,1,0
Diamond c,0,0,5356
Cobalt Heart,0,0,5445
SOULSEEKER,0,1,0
Mexicola,0,1,0
Bringers Of Ouchies,0,1,0
NO EGO,0,1,0
Suea Auan,0,1,0
SoloActivities,0,1,7642
So1,2,2,59508
King Doom,1,0,28955
Klapaucius,0,1,0
SundaEmpire I,1,0,113400
RISING ECLIPSE,0,0,3737
The Emper0r,0,1,0
UItimate Hunter,0,1,0
SEKTESARNOEDHI,2,0,138947
Arcane Vanguard,0,0,1434
GRAND,0,1,0
Rejimen Askar Melayu Diraja,0,1,0
Null to dust,0,1,0
TGKU,0,1,0
Reapers of death,0,0,10239
Shichibukai,0,1,0
GatheringSlow,0,1,0
LonelyWolf,0,1,0
Our Secret,0,1,9836
Ashes of Illusion,0,1,0
StealDou,0,0,48792
mewtea,0,0,18251
DEEEEEN,0,1,0
daixincaiji,0,2,0
tossyan,0,1,0
Big Daddies,0,1,0
sex brothers,0,1,0
Mighty Warriors,0,1,0
MyBelovedEki,0,1,0
Avion,1,1,43571
JAWlR GANK,0,1,0
Calderock,0,1,0
Bo Toc Mixi,1,1,14226
weIc0me to AlbionOnline,0,1,81286
F R E E S I A,0,1,0
HSITASH,0,0,10235
YaMotoGangGang,1,0,60774
Crime Farmer,0,0,4544
sadboi,0,1,212123
Keep It Real,0,1,51833
Bank Kuro,1,0,16284
Sex and Rat,1,0,385784
INTOTHEAIR,0,1,0
SideBySide,0,1,0
The Talking Trees,0,1,0
House Zenith,0,0,48714
MAX YAWASTAPPEN,0,0,44320
Wyrmblood,0,0,10219
GOD SQUAD,0,0,10219
NAURDERERS,0,1,0
Shadows of Dead Can Gods,1,0,2969
pricier,0,1,0
HEARTLESS,0,1,21760
Beautiful TaiWan,0,2,0
FoeverYoung,0,1,0
Aerox Racing,0,0,15205
Light Knight,0,1,0
ArgoVesta,0,1,0
OwOO,0,1,1059156
HONOR DUEL,0,1,987
BAU BAU,0,1,0
WeiB Der Letzte Trumpfz,0,0,14101
ForeverForeverNihgt,0,1,0
we are not china,0,0,1740
Ibarra bading,0,1,0
White Blight Freemen,2,0,289104
Noomfoo Family,0,1,0
VN Kingdom,0,1,0
fullmoon,0,1,0
CalistaZ,0,0,13369
TTea house,0,1,0
S I L A H I S,0,1,0
STFD,1,0,107203
Crimson Dragon,2,1,97659
BLOODS,0,1,0
NOVICS,0,0,6411
Gather PVP,0,1,0
ALGERIA,0,1,0
69UTC,1,0,111146
Vincent Enjoyer,0,1,0
NewGxnK,0,0,12252
BlooByz Warrior,0,1,0
2009-09-09,0,1,0
Arctic Circle,0,1,0
Cornhub,0,0,226787
Crimson Valkyries,0,0,6304
Gather Only,1,0,6097
Snow Ball,1,0,533262
flood control projects,0,1,0
Magic Of Game,0,1,0
Hoinguoingheo,0,0,276634
ShinShop,0,1,0
SAVA,0,1,0
Bloodtype,1,0,237074
Kyn Community,0,1,0
526HEXAGON,0,0,2173
YanHuang,0,2,0
Pink Guava,0,0,4033
JoySprout,0,1,0
Darkest Shadow,0,0,2725
NAZI,0,1,0
CLiCK ME,0,4,0
John 3 16,0,1,0
RAT IT,0,0,204605
Silverbow,0,1,149782
9600Kkm2,0,1,0
Cally and Friends,0,1,0
Mi2Ly,0,0,20063
3LOGY,0,1,0
SHOYO,0,0,11637
CHAMBER OF RAT,0,1,0
Having Funn,0,0,68722
The Banking Clan,0,1,0
The 001,0,1,0
TaungPawTarLay,0,1,0
LosQuilan,0,1,0
DullHead,0,0,17949
SELF-MADE,0,0,4449
G A R D E N E R S,0,1,0
EggorT,0,1,0
DUKDEKHERE,1,0,5112
Newbie,0,1,0
Demonic Bulls,0,1,0
UBEK,0,0,1192
Crimson Slayer,0,1,0
KHAIRA,0,1,5296
nuttedsugar,0,1,0
DISORDERLY,0,1,33567
Lost Summer,2,1,88776
Sambal Empire,0,0,142441
ENGAGE,0,1,0
Zero Order,0,1,0
Feast,0,1,0
Sama bros,0,1,5954
Sentinels of Thetford,0,0,26968
Commonwealth of Albion,0,1,0
Nyc Lyra,0,1,20524
Heartsteel,4,0,216606
FOREVER EMPIRE,0,1,0
IMMORTALSOULS,0,2,2591
PALADINs knight,0,0,2247
BABABA,0,1,86372
Bangkor,0,0,6630
AMJ - Aceh Medan Jakarta,0,1,0
Southern Cross Raiders,0,1,0
Zenithal Rest,0,1,0
Welcome Back To Albion,0,0,24871
Guemhui Room,0,1,0
The Tradikals,0,1,0
r1Nne dono,0,0,31341
PUNDUNGAN,0,1,0
puno ng niyog,0,1,0
Run fast,0,0,179897
Noters,0,1,0
MYANMAR NO1,0,0,4111
Beastrune,0,0,6980
lxwxl,1,0,19923
saiyans,0,0,86153
Black Candy,0,1,17003
EternalMist,0,1,0
Moon Kingdom,0,1,0
Charming Family,1,0,117909
ZhuanZhuanFu,0,1,6998
Cerydra,0,1,0
BLUE RAIN,0,1,0
Laughing Coffint,0,0,30403
Juicy,0,1,0
O R C H E S T R A,0,0,2515
Rang-ay,0,1,33507
WARRIORS VANGUARD,0,0,489
Watawat,2,1,10212
APMcompany,0,1,133451
OSAKANA RANDO,0,1,10789
woooo,0,1,0
NightOwls,0,1,0
Chicken-Doctor,2,1,165969
Elther VN,0,1,0
Subterranean Animism,1,1,408
zengji,0,0,408
IMMORTAL TAOIST,0,1,0
salico,0,0,24156
Misty Rain in Jiangnan,1,0,181392
One and Only,1,1,50169
Voidbound Order,0,1,0
LD1,0,1,0
T-Rexs,0,0,5011
IAN,0,0,24156
Highest Point,0,1,0
kingfall legion,0,0,22728
THEThousandSunny,0,1,0
Bank200usd,0,0,15442
REINCARNATION FREEDOM,1,0,74398
Grand Marshal,0,1,0
LABORLER,0,1,0
Harsh Winter,0,0,8232
GATHER SELAMANYA,0,1,0
SEMBAKO,0,1,0
CITY17,0,1,0
23 FJ,0,1,0
Guild Solo,0,1,0
OVERLOVE,1,0,16656
G Club,0,1,0
Northern Light,0,1,0
Gank974,0,1,0
Smoker,1,0,81000
M I R A N O S,0,1,0
Sri Rezeki Lancar,0,1,0
killyou,0,1,24986
La Place,0,0,10621
Sakuraaa,1,2,217765
Solitary Wanderer,0,1,0
B E G A D A N G,0,1,0
First of all,0,1,0
X Police,1,1,87074
CookieMAN,0,0,75134
xICBMx,0,1,0
The Black Templars,0,0,19909
Damaged Coda,0,1,29741
Black Rook,1,1,37830
D E M A S S,1,0,139372
Oopsy daisy,0,1,0
SkibidiGyatRizzSigmaFanumTax,0,1,0
Ninong Ry,0,1,0
Execute Squad,1,0,31830
stay chill,0,1,0
MockingBird7,0,1,2077
TraacaS,0,1,0
BladeBound2,0,1,0
RexRegumQueon,0,0,62184
World GYM,0,0,5776
ACT1ON,0,1,0
Ashes of Mahadev,0,1,0
The Greatest Noob Of All Time,0,1,15165
TUALTHAH HRAT,1,0,75681
Anti Mulyono,0,1,0
AzurLane,0,1,0
Mobslayers,0,1,0
Arland Empire,0,1,0
Czendicate,0,1,0
hongkong winner,0,1,0
Grimoire GrimGuild,0,2,0
Nang Pi Yan Zi,0,1,0
CYNCYN,0,1,0
Xbuer,0,1,0
YIBAMBE STRONG,0,1,0
Front Pembegal Indonesia,0,1,0
Regal Bloodline,0,1,0
skyExplorer,0,1,0
PENGEMBARA JANTAN,0,1,0
morning,0,1,253808
Shangri-La Frontier,0,1,0
THARKI Sena,0,1,0
Pumpkin knight,0,1,0
MAMMOTH ON TOP,1,0,34722
SUMMER404,0,0,37876
Guardians of the Galaxy,0,1,0
AMTxKALSEL,0,0,3608
Teori Kemenangan,0,0,14433
Deadlynewbies,0,1,0
Heisi,0,1,0
Angelic Fish,0,1,0
XGMA Lyon,0,1,0
APEE,0,1,0
TitikMan,0,1,0
Twisted Puck,0,1,0
Valentia,0,1,0
Knight of war,0,0,8162
TANTHU,0,1,2301
Animal Lovers,0,1,0
World 1,0,0,5307
PRIME,1,2,0
The raising flame,0,3,0
x SOLE-RIPER x,1,1,9948
The Reserve,0,1,52376
All for one and one for all,0,1,0
Chillhaven Jesters,0,0,3928
Fortune,3,2,54744
1FARMER,0,1,61660
ABU,0,1,0
changchen,0,1,0
Pokemeow,0,2,0
HYDRAS,1,0,174231
Villainss,0,1,0
RikoTown,0,0,23624
Secret Society,0,1,0
NWW,0,1,0
Brecilien Laborer,0,1,0
Bank of Cahrion,0,1,0
CANOPUS,0,0,7695
qallisback,0,1,2555
Newbies ALBION MRDK,0,1,0
Nova Corps,0,1,0
Black Ops,0,0,58002
BLACKMEONG,0,0,9570
IPIS,1,0,39298
LIGHT_BRINGERS,0,1,0
East Pacific,0,1,0
THE FALLEN SERAPHIM,0,1,0
Rabits,0,0,43767
White Ash,1,1,7155
Nezuko Printer,2,0,0
RayBeans,0,1,0
Cheese N Greed,0,1,109795
King PVE,1,0,73152
BBA Harajuku,0,0,75672
GENIUSSES,0,1,0
Sigma Man,0,1,0
HumDumDum,0,1,0
Zodiac Guild,0,0,50931
Starwind,0,1,13240
GwayToLyyMyr,0,1,0
Blackdawn,1,1,287934
MEoW KwuC TH,1,0,28620
TARING,0,1,0
WALVES,0,1,0
monito,0,1,0
Game Movie,0,1,0
God of Caerleon,0,1,0
Leonhart Asylum,0,1,0
Family-Guys,1,1,15327
FIELD OF VIEW,1,0,29830
MALTA FEVER,0,0,41223
Walter,0,0,3833
Cottoncandies,0,0,128822
IMBA,0,1,0
BetaLega,0,1,195751
Okumura,0,1,0
Alchimie,0,0,15984
GeG Sepele,0,1,0
White Knights United,0,1,0
FANTOMS,0,1,0
GhostNation,0,0,5995
NEW TESTAMENT,0,0,186059
Syuhada Force Alliance,0,1,0
THEHOUSE,0,1,0
PKZ,0,1,0
AiYedMae,0,1,0
changxiangyi,0,1,19132
Mustard Warrior,0,0,74379
SRBIJA,0,1,0
RUN LIKE HELL,0,1,0
pvpguild,0,0,6703
BE RICH,0,0,20350