Guild,win,loss,Total,Winrate (%)
-,911,1889,2800,32.5
0-Infinity,3,28,31,9.7
0001Zugoy,0,1,1,0.0
00keaiookeai00,0,1,1,0.0
00nemo002,1,18,19,5.3
0ne_Love,0,1,1,0.0
10 My friend are coming Run,2,40,42,4.8
11,1,11,12,8.3
12 Apostles,0,1,1,0.0
120 carving,0,3,3,0.0
12390kop,1,1,2,50.0
1994,22,17,39,56.4
19jutalapangankerja,7,1,8,87.5
1GU 1GU,0,4,4,0.0
1Mmortal,10,4,14,71.4
1V1,18,23,41,43.9
1gaywoligiaogiao,1,1,2,50.0
2-3RB,1,0,1,100.0
2008-02-02,1,3,4,25.0
2077,23,50,73,31.5
21Gangsta,1,5,6,16.7
2556,0,2,2,0.0
25k,2,14,16,12.5
2v2v2v22vv22v2v2,0,1,1,0.0
3 Thang Ngu,1,0,1,100.0
300 Sparta,0,2,2,0.0
321 Demass,33,83,116,28.4
3RAB_KNIGHTS,1,2,3,33.3
3RATs,1,0,1,100.0
4396,1,0,1,100.0
47 Ronin,0,6,6,0.0
4vX,2,3,5,40.0
500,0,2,2,0.0
54188,0,1,1,0.0
5784,2,4,6,33.3
6,0,1,1,0.0
666666666666,1,0,1,100.0
666GG,49,12,61,80.3
66_66,1,3,4,25.0
70bbe,0,1,1,0.0
786578,0,1,1,0.0
7FALL,19,15,34,55.9
7SinsX,81,62,143,56.6
80I90,2,3,5,40.0
80S Guild,2,17,19,10.5
8Sp1Ders,71,65,136,52.2
9 blessed boyz,4,8,12,33.3
9600Kkm2,0,1,1,0.0
999999,28,31,59,47.5
9INE,272,215,487,55.9
9o6,3,23,26,11.5
A Brave Man,71,105,176,40.3
A GGbond,0,1,1,0.0
A K Q J 10,0,2,2,0.0
A L B O R G I O N,0,1,1,0.0
A X E,26,37,63,41.3
A loner,0,1,1,0.0
A p os t l e s,21,54,75,28.0
A you ok,1,2,3,33.3
A1A2A3A4,0,1,1,0.0
AAA,1,0,1,100.0
AAAAA,53,98,151,35.1
ABOVE HEAVEN,5,27,32,15.6
ABSURDVOH,13,14,27,48.1
ABU,0,2,2,0.0
ABYSS LINK AGENCY,0,1,1,0.0
ACAB 1312,8,1,9,88.9
ACM,75,94,169,44.4
ACT1ON,0,3,3,0.0
ADARNA,0,2,2,0.0
AECC,0,1,1,0.0
AFK Union,0,1,1,0.0
AFTERMATH,240,293,533,45.0
AGGRESSORS,1,1,2,50.0
AGM,3,2,5,60.0
AISVARYA,1,8,9,11.1
AK-47,66,152,218,30.3
AK-74,32,65,97,33.0
AKA-KING,1,0,1,100.0
ALA ALBA,2,18,20,10.0
ALAS KWATRO,5,20,25,20.0
ALASTERS,0,2,2,0.0
ALBION AFTER S3X,162,158,320,50.6
ALBION NEWBIE CLAN,0,1,1,0.0
ALIVE,3,30,33,9.1
ALL FRIENDZONE,4,7,11,36.4
ALL MY LIFE,2,2,4,50.0
ALL VICTORY,25,20,45,55.6
ALONEMAN,2,2,4,50.0
ALTAIR,2,7,9,22.2
ALvaMart,0,7,7,0.0
ANCONGEK,0,1,1,0.0
ANNIKKIA,0,2,2,0.0
ANTEK ASING,2,4,6,33.3
ARCH KNIGHTS,2,9,11,18.2
ARCHOPOLIS,1,3,4,25.0
ARK Survival Ascended,2,1,3,66.7
ARMA,1,7,8,12.5
ARUNACHAL PRADESH,10,9,19,52.6
ASCENDANT SUN,3,15,18,16.7
ASCENDERS,0,1,1,0.0
ASHURA CLASHERS,0,1,1,0.0
ASIA OFFLINE,1,4,5,20.0
ASTREVA,0,1,1,0.0
ATOMIC__PARIBAK,1,1,2,50.0
ATOMOXU,1,0,1,100.0
AURA FARMER,1,2,3,33.3
AVA,6,16,22,27.3
AVA world,4,14,18,22.2
AXKL,0,4,4,0.0
AZKALZ,4,12,16,25.0
Aboy,1,0,1,100.0
Absolute Dragon,27,51,78,34.6
AbsoluteSaweet,0,2,2,0.0
Abstract elderly home,2,8,10,20.0
Abyss Legion,2,12,14,14.3
Abyssal Depth,1,2,3,33.3
Abyssal Order,1,11,12,8.3
Abyssal Princess,8,4,12,66.7
Abyssal Raven,0,3,3,0.0
Abysss,1,0,1,100.0
Academy,1,2,3,33.3
Achaemenid,14,16,30,46.7
Adventure Travel Inc,0,3,3,0.0
Adventurer Rank G,0,1,1,0.0
Aegis of Fuji,3,16,19,15.8
Aetherion Order,8,25,33,24.2
Aetherium,7,12,19,36.8
After Cleric,14,5,19,73.7
After The Fall,8,2,10,80.0
Afternoon beer party,1,0,1,100.0
Agila,0,2,2,0.0
Ahri,4,3,7,57.1
AiKanFuTa,0,4,4,0.0
Aincrad Vanguard,0,1,1,0.0
AinzOoalGown,10,6,16,62.5
Akkadian Empire,0,1,1,0.0
Ala,1,3,4,25.0
Ala Hua Gua,1,0,1,100.0
Albion Asia,0,4,4,0.0
Albion Bulls,1,17,18,5.6
Albion Community,0,1,1,0.0
Albion Indonesia Raya,0,1,1,0.0
Albion Mercenary,0,3,3,0.0
Albion Newbie Home,0,14,14,0.0
Albion Newbie Shelter,0,11,11,0.0
Albion Newbie Union,1,11,12,8.3
Albion Rebel,0,1,1,0.0
Albion Royal Mercenaries,0,1,1,0.0
Albion newbie Guild,0,13,13,0.0
AlbionGrinders,0,1,1,0.0
AlbionMonarchy,0,3,3,0.0
Albions Ark,15,72,87,17.2
Albionvill,1,7,8,12.5
Aldmeri Dominion,0,1,1,0.0
Aletheia,0,1,1,0.0
Alfhiem,0,1,1,0.0
Aliansi Santai,2,14,16,12.5
Alitheia,0,1,1,0.0
All God Class,1,2,3,33.3
All In Fighting,0,1,1,0.0
All Rise,307,210,517,59.4
All Swamp,0,2,2,0.0
All The Villains,111,48,159,69.8
All me,3,4,7,42.9
All or Nothing,1,5,6,16.7
Allvg,15,63,78,19.2
Alone in The Mist,28,54,82,34.1
AlooMinati,0,3,3,0.0
Alpha Warriors,1,5,6,16.7
Alter Ego,1,2,3,33.3
Alter World,1,0,1,100.0
AlwaysAttackByBird,0,1,1,0.0
Amari,0,2,2,0.0
Amateras Reign,0,3,3,0.0
An Guild,21,19,40,52.5
AnakAnakBebas,0,1,1,0.0
Anar chy,1,8,9,11.1
Angelic Crusader,0,2,2,0.0
Angelic Fish,1,6,7,14.3
Anggota-DPR,11,36,47,23.4
Angry Burmese,3,19,22,13.6
Annbu,1,4,5,20.0
Another,23,19,42,54.8
Another_Level,0,1,1,0.0
AntasenA,1,12,13,7.7
Anti Rat,0,1,1,0.0
Anvil Empires,4,4,8,50.0
Anwen,1,8,9,11.1
Aoka IDP,1,1,2,50.0
Aoraki,1,1,2,50.0
Ape Togetherr Strong,1,7,8,12.5
Apex Havoc,6,4,10,60.0
Apex Legion,0,3,3,0.0
Apex Mors,0,1,1,0.0
Aqua Deer,1,2,3,33.3
ArWang,13,15,28,46.4
Araw No Tomo,0,2,2,0.0
ArcTheLad,2,7,9,22.2
Arcane Vanguard,0,1,1,0.0
Arcane armada,3,3,6,50.0
Are U Oke,1,0,1,100.0
Are You Okay,0,1,1,0.0
Arena Ghost,6,35,41,14.6
Argent Imperium,6,5,11,54.5
Army of Ape,0,3,3,0.0
Around Thirty,0,6,6,0.0
Ars-Nova,1,6,7,14.3
ArtEm Warrior,0,3,3,0.0
Artery,1,13,14,7.1
Arufa,0,4,4,0.0
Arumerai,0,1,1,0.0
Ascensum,13,5,18,72.2
Asgardian Farmer,1,6,7,14.3
Ash Alliance,0,1,1,0.0
Ashen,0,1,1,0.0
Ashyred,0,1,1,0.0
Asia Merchant,1,8,9,11.1
Asia Vanilla,2,11,13,15.4
Assassins Killer,1,4,5,20.0
AssassinsHunters,0,4,4,0.0
Assert Dominance,0,1,1,0.0
Assyllum,3,16,19,15.8
Astartes,44,88,132,33.3
Astra Legion,0,2,2,0.0
AstraCervus,1,4,5,20.0
AsuRas,0,1,1,0.0
Asytera,0,1,1,0.0
Atong Ang Syndicate,4,7,11,36.4
Atq Fan Club,0,2,2,0.0
AuGuild,0,1,1,0.0
Auraka,14,47,61,23.0
Auridon,0,1,1,0.0
Auroras,35,44,79,44.3
Avalnom,5,9,14,35.7
Avalon Little Punch,1,9,10,10.0
Avalons Gangsta,3,12,15,20.0
Avatar,0,6,6,0.0
Avenger Regroup,6,17,23,26.1
AviA,0,2,2,0.0
Axen Clan,0,1,1,0.0
AyaM JantaN,1,2,3,33.3
Ayaka,46,18,64,71.9
Ayam Jago Merah,2,0,2,100.0
Ayato,5,2,7,71.4
Ayutthaya Warhost,64,77,141,45.4
Azure Stella,0,1,1,0.0
Azurel,1,1,2,50.0
AzzuraIV,0,14,14,0.0
B A B,0,1,1,0.0
B A C K,0,1,1,0.0
B A R E K,0,6,6,0.0
B L A C K H A W K S,11,16,27,40.7
B L A C K L l S T,4,12,16,25.0
B L A C K P E A R L,213,327,540,39.4
B L A C K W A T E R,0,1,1,0.0
B L O O D L U S T,5,12,17,29.4
B R E T H R E N,2,2,4,50.0
B o S,14,49,63,22.2
B-E-L-A-T-squad,9,16,25,36.0
B1G MAPLE,0,1,1,0.0
BABEKINGDOM,0,3,3,0.0
BADLAND,1,9,10,10.0
BAN RED,7,9,16,43.8
BANGSAL TEROR,2,8,10,20.0
BANK OF NAVIGO,2,5,7,28.6
BANTENG IRENG,0,3,3,0.0
BATAVIA,5,19,24,20.8
BBCocq,2,4,6,33.3
BEAR HUG,2,1,3,66.7
BEGAL PAYUDARA,1,0,1,100.0
BEHEAD,40,18,58,69.0
BENDAHARA,0,3,3,0.0
BENG_BANG_PH,23,33,56,41.1
BF3-NAROCK,0,3,3,0.0
BGC,0,2,2,0.0
BIBILABU,3,2,5,60.0
BIG DEAL,0,1,1,0.0
BISAYA LIFE,2,9,11,18.2
BISAYA TREE HUGGERS,0,5,5,0.0
BL4CK SIGIL,2,7,9,22.2
BLACK BANDIT,22,25,47,46.8
BLACK BLOOD BROTHERS,2,12,14,14.3
BLACK CLOWER,0,1,1,0.0
BLACK MONOPOLY,0,2,2,0.0
BLACK STAR,4,20,24,16.7
BLACK WATER,6,11,17,35.3
BLACK WIND,0,3,3,0.0
BLACK Zazaa,0,2,2,0.0
BLACKCODE,1,0,1,100.0
BLACKHEAVEN,3,1,4,75.0
BLACKMEONG,0,9,9,0.0
BLACKSPIDER,5,16,21,23.8
BLACK_NUMBER,0,15,15,0.0
BLAZING_CAPE,0,2,2,0.0
BLKLUNGZ,0,1,1,0.0
BLOB,2,0,2,100.0
BLOOD OMEN,2,9,11,18.2
BLOOD SHDDER,0,2,2,0.0
BLOODS,0,3,3,0.0
BLUE RAIN,0,3,3,0.0
BOBOBO,0,21,21,0.0
BORN AGAINN,10,3,13,76.9
BORNEO Lands,0,2,2,0.0
BRAMAN,0,1,1,0.0
BROTHERLY,1,1,2,50.0
BUFFOONS,0,1,1,0.0
BULAN BINTANG,4,9,13,30.8
BURMESE ACADEMY,2,0,2,100.0
BURONAN,1,4,5,20.0
BW hammers,0,3,3,0.0
BW_ORGANIZATION,2,19,21,9.5
BaLa BaLa Guild,2,0,2,100.0
Baby_Paradise,4,23,27,14.8
Backup Station,7,8,15,46.7
Badranaya,5,2,7,71.4
Baguhan,3,1,4,75.0
BajakLaut,0,3,3,0.0
Ban,4,18,22,18.2
BangCuopLuongSon,60,52,112,53.6
BanhMi-Gang,20,12,32,62.5
Bank Rakyat Jelata,0,1,1,0.0
BankAiolos,3,31,34,8.8
Banteng Merah,0,1,1,0.0
Bapack2,1,6,7,14.3
Bapack_2Nge-Game,5,9,14,35.7
Baschu Lymhurst,14,18,32,43.8
Battle Maniac,1,9,10,10.0
Battleborn,110,57,167,65.9
Bayanihan Hukbo LVM,0,3,3,0.0
Baybayin,9,6,15,60.0
Bear Heart,0,1,1,0.0
BeasTDaK,157,140,297,52.9
Beavers,70,66,136,51.5
BeeBooGarden,0,1,1,0.0
Before Cleric,0,1,1,0.0
Beggars Of Thetford,0,1,1,0.0
Begginer Guild,0,1,1,0.0
Beginner Group,0,1,1,0.0
Beginners Base,3,5,8,37.5
Behavior,6,23,29,20.7
Belial,2,19,21,9.5
Believers,21,25,46,45.7
Benderanya Bagus,2,2,4,50.0
Beyond Infinity,0,7,7,0.0
Bhabhi Lovers,4,10,14,28.6
Biang kerock,0,1,1,0.0
Bibimbap,2,0,2,100.0
Biceps,4,5,9,44.4
Big Black Cat,1,5,6,16.7
Big Blob,2,1,3,66.7
Big Boost,12,6,18,66.7
Big Daddies,0,1,1,0.0
Big mom,46,54,100,46.0
BigCat,0,1,1,0.0
BigHole,0,1,1,0.0
BigMoneyBaddie,1,9,10,10.0
Binary,10,7,17,58.8
Biu BiuBiu,23,21,44,52.3
Black Candy,0,1,1,0.0
Black Cl0ver,1,2,3,33.3
Black Claw,0,1,1,0.0
Black Duck,4,4,8,50.0
Black Haze,0,2,2,0.0
Black M0nkey,0,4,4,0.0
Black Mist,0,1,1,0.0
Black Ops,2,6,8,25.0
Black Sails,19,27,46,41.3
BlackDRAGONS,1,1,2,50.0
BlackParadise,1,5,6,16.7
Blackfang Covenant,32,29,61,52.5
Blasphemine,2,0,2,100.0
Blazing Heat,0,10,10,0.0
BloodSword,0,1,1,0.0
Bloodletter,0,1,1,0.0
Bloodraven,0,1,1,0.0
Blue Ice,0,1,1,0.0
Blue Phoenix,41,59,100,41.0
Blue coral,20,33,53,37.7
Blue house,21,37,58,36.2
BlueOwl,4,22,26,15.4
Bo tuoi,1,3,4,25.0
Boar Army,130,236,366,35.5
Bocchi The Guild,1,0,1,100.0
Bone gang,0,17,17,0.0
Bonjour,2,4,6,33.3
Boom l1i,1,0,1,100.0
BoonieBears,0,2,2,0.0
Borneo Almighty,2,3,5,40.0
Borrow,0,2,2,0.0
BounTy_TH,4,14,18,22.2
Bowscale,0,1,1,0.0
Boxers,1,1,2,50.0
Bragidane,0,1,1,0.0
Brand of Light,0,1,1,0.0
Bread and Berry,2,1,3,66.7
Bridgewatch Academy,4,8,12,33.3
Brightshield,0,2,2,0.0
Bringers Of Ouchies,0,1,1,0.0
Broken Fist,1,0,1,100.0
Brothers Albion,1,3,4,25.0
Brothers Union,0,3,3,0.0
Bua Liem,3,10,13,23.1
Bujank Empire,4,4,8,50.0
Burger King,4,10,14,28.6
Buzztard,14,65,79,17.7
ByronxyStore,3,0,3,100.0
C A E S A R,32,23,55,58.2
C A R N A G E,2,8,10,20.0
C A S T,6,6,12,50.0
C H I,8,8,16,50.0
C H I L L,0,3,3,0.0
C K S,1,3,4,25.0
C O O L D O W N,4,2,6,66.7
C O U N T D O W N,0,3,3,0.0
C O V Y,50,118,168,29.8
C R O W N,4,21,25,16.0
C R Y,1,2,3,33.3
CACING NAGA,0,12,12,0.0
CAGYL,1,1,2,50.0
CALICO,5,2,7,71.4
CAOTAIBANZI,3,11,14,21.4
CAPITALYSM,0,4,4,0.0
CASH CORE,1,16,17,5.9
CASTLE ASAN,1,0,1,100.0
CATHEDRAL OF RAT,17,36,53,32.1
CATSU SOCIETY,0,1,1,0.0
CBF,2,4,6,33.3
CCAV,3,2,5,60.0
CCTV,125,106,231,54.1
CCTV-13,2,2,4,50.0
CENTAURI,0,3,3,0.0
CHAMBER OF RAT,0,2,2,0.0
CHANG,48,124,172,27.9
CHILIS,6,8,14,42.9
CHILIZ,106,95,201,52.7
CHINA-SHENZHEN,1,0,1,100.0
CHOS1N,1,1,2,50.0
CHUN CUI,0,1,1,0.0
CHUNFENG,0,1,1,0.0
CIO,3,0,3,100.0
CLOVER EMPIRE,1,8,9,11.1
CLUED,1,1,2,50.0
CN V587,0,3,3,0.0
CNTC,6,45,51,11.8
COALITION,89,116,205,43.4
CODE-EL,0,2,2,0.0
CONQUERORSS,8,18,26,30.8
CONTRA,34,6,40,85.0
COOPER,0,1,1,0.0
CORPSE COLLECTORS,1,0,1,100.0
CORRUPTS,0,3,3,0.0
CRACKER,41,41,82,50.0
CREED INTERNATIONAL,20,42,62,32.3
CRIMINALS,1,0,1,100.0
CRIMSON CONCLAVE,3,16,19,15.8
CROWN ON TOP,1,2,3,33.3
CTA,131,69,200,65.5
CTMD,0,1,1,0.0
CTRL ALT DEL,21,49,70,30.0
CUBES,0,2,2,0.0
CUT OFF,9,6,15,60.0
CVLT,62,44,106,58.5
Calbee,15,11,26,57.7
CalistaZ,0,1,1,0.0
Call to Heaven,15,23,38,39.5
Calon Idaman Mertua,0,1,1,0.0
Camilers,8,18,26,30.8
Camphunter,0,1,1,0.0
Cang Hai,0,1,1,0.0
Cao Lao Trang,1,1,2,50.0
CapybarAAAA,212,165,377,56.2
Capybara Fam,2,0,2,100.0
Casa de Gabut,0,1,1,0.0
Cash Order,1,2,3,33.3
Cassanova Army,0,2,2,0.0
Cassiopeia,2,4,6,33.3
CasualGrinders,0,6,6,0.0
Catalytic Prospect,2,2,4,50.0
Catata,0,1,1,0.0
Cats Nest,12,19,31,38.7
Cavalry,7,10,17,41.2
Cempaka,37,41,78,47.4
Centrelink,2,8,10,20.0
Chaldea,0,2,2,0.0
Challenge,3,3,6,50.0
Champagne Supernova,1,4,5,20.0
Champions Of Martlock,0,1,1,0.0
ChanThuongTamLy,0,2,2,0.0
Chaser of The Wind,14,30,44,31.8
Chasseur Expeditionnaire,3,2,5,60.0
Chawna,1,7,8,12.5
Cheer,16,7,23,69.6
Cheery Blossoms,3,6,9,33.3
Chicken Nuggets,7,12,19,36.8
Chien Than,0,2,2,0.0
Chien Than Academia,36,47,83,43.4
Chihuahua Family,8,21,29,27.6
Chiikawa fam,0,1,1,0.0
Chikipi,156,120,276,56.5
Children Of The Dragon,106,89,195,54.4
Chill Play,3,1,4,75.0
China,21,32,53,39.6
China Daoism,13,48,61,21.3
Chinchilla,0,2,2,0.0
Chinese restaurant,1,1,2,50.0
ChipsO Federation,2,12,14,14.3
Chlamydia,6,17,23,26.1
Choding,9,8,17,52.9
Chola Empire,2,14,16,12.5
Chosen,0,2,2,0.0
Chosen Few,57,111,168,33.9
Chou Xiang,1,3,4,25.0
Chowking,3,7,10,30.0
Chronos Clock,0,1,1,0.0
Cie,0,1,1,0.0
Ciel Bleu,4,7,11,36.4
Cigar,3,3,6,50.0
Circus,39,60,99,39.4
Clap Me Daddy,56,42,98,57.1
Clavem,2,2,4,50.0
Clique,0,1,1,0.0
CoCa1nE,42,53,95,44.2
Cobalt Heart,0,1,1,0.0
CobraKai,1,3,4,25.0
Code Ghost,0,1,1,0.0
Comatozze,2,3,5,40.0
Come Honor Face,0,1,1,0.0
Comfort Zone,0,1,1,0.0
Commonwealth of Albion,0,3,3,0.0
Concordia,8,32,40,20.0
Conscripted,122,70,192,63.5
Council Of The Dead,0,1,1,0.0
Coup de grace,51,108,159,32.1
Court of Nightmares,1,2,3,33.3
CpE,0,1,1,0.0
Craft Hunting Guild,1,1,2,50.0
Craft101,0,2,2,0.0
Craftres,1,1,2,50.0
CrazyBearZ,1,7,8,12.5
Crazybabys,51,63,114,44.7
Create The God,1,1,2,50.0
Creation Camp,36,47,83,43.4
Creation Ph,1,1,2,50.0
Creative God,0,10,10,0.0
Crimson Radiance,49,58,107,45.8
Crimson Shadows,5,2,7,71.4
Crimson Slayer,0,1,1,0.0
CrimsonFluxX,0,2,2,0.0
CrisBar,2,6,8,25.0
Critical Impact,38,73,111,34.2
Crocodile Contractors,3,0,3,100.0
CrossBlade,7,18,25,28.0
CrowStorm,0,1,1,0.0
Crown of Ash,0,3,3,0.0
Crownbound,7,2,9,77.8
Cruciata,7,3,10,70.0
Crusader Kings,36,69,105,34.3
Crusaders of the North,19,37,56,33.9
Crush,0,3,3,0.0
Crystal Icarus,1,1,2,50.0
Ctrl Alt Del Close Apps,0,1,1,0.0
CtrlAltDefeat,23,14,37,62.2
Cucky Sucky,2,0,2,100.0
Cultivator,1,4,5,20.0
Culto,0,5,5,0.0
Customer Support,0,2,2,0.0
Cut Throat,12,18,30,40.0
CuzzyWuzzies,0,1,1,0.0
CyberXD,0,1,1,0.0
Czendicate,2,8,10,20.0
D A Y 1,0,1,1,0.0
D E L E T E,0,2,2,0.0
D E S T R A X,0,1,1,0.0
D E T O N A T I O N,0,1,1,0.0
D Go Liang,2,4,6,33.3
D I S C O N N E C T E D,0,1,1,0.0
D Not So Ordinary,1,0,1,100.0
D O G G Y,0,1,1,0.0
D O V E,0,1,1,0.0
D R A W I N G,3,7,10,30.0
D R E A D W A T C H,15,19,34,44.1
DA DOU SHI,3,0,3,100.0
DABHI-BROTHERS,0,5,5,0.0
DARK EMPEROR,2,0,2,100.0
DARK SUNN,1,8,9,11.1
DARTEEK,0,1,1,0.0
DAVAO-DEATH-SQUAD,2,1,3,66.7
DAWN OF LIGHTS,0,9,9,0.0
DBlackRose,0,1,1,0.0
DDBS,51,24,75,68.0
DDDDDD,3,0,3,100.0
DEATH PARADE,36,64,100,36.0
DEATH PIT,4,22,26,15.4
DEFIANAL,0,1,1,0.0
DELICIOUS IN DUNGEON,0,2,2,0.0
DEMENTIA,1,2,3,33.3
DEMON EYE,2,7,9,22.2
DEMONIC EMPIRE,3,7,10,30.0
DEMONS KING,0,1,1,0.0
DESTROYER GHOP GHOP,3,5,8,37.5
DEVIANTS,2,1,3,66.7
DEllMIKS,7,5,12,58.3
DFT8,2,2,4,50.0
DIU LUN 7 NEI,0,3,3,0.0
DIUKAMIE,13,18,31,41.9
DKPJ,3,2,5,60.0
DMS 777,2,1,3,66.7
DMT D0MINATOR,5,12,17,29.4
DNS,8,39,47,17.0
DOJO,14,12,26,53.8
DOKKAEBI1,2,1,3,66.7
DOMINUS STORE,0,2,2,0.0
DOMO,0,1,1,0.0
DOSOMETHING IN THE GAME,0,1,1,0.0
DOVATSAMSET,15,7,22,68.2
DRACIN,1,9,10,10.0
DRAGEN FAIL,0,3,3,0.0
DRAKORIA,5,13,18,27.8
DREADLOCK,0,6,6,0.0
DRIFTERS UNITED,0,4,4,0.0
DST MAMBA,1,15,16,6.2
DUKUN,0,3,3,0.0
D_MINGSSS,2,4,6,33.3
Da Boys,3,2,5,60.0
DaRkDeViLs,1,4,5,20.0
Dagestan Warriors,0,3,3,0.0
Dancing on the grave,0,8,8,0.0
Dang Xiao,2,7,9,22.2
Daodes,0,13,13,0.0
Dark Covenant,0,1,1,0.0
Dark GunZ,0,2,2,0.0
Dark Hunters,0,1,1,0.0
Dark Looters,116,70,186,62.4
Dark OWL,0,1,1,0.0
Dark Soul,33,29,62,53.2
Darkest Shadow,1,6,7,14.3
Darkhotlunadal,0,4,4,0.0
Darkzone,0,1,1,0.0
Dawn Seeker,2,0,2,100.0
De Cartel,0,1,1,0.0
DeRSimli62le,11,9,20,55.0
DeSaiko,25,34,59,42.4
Dead End Party,4,7,11,36.4
Dean,0,1,1,0.0
Dear my Friends,1,4,5,20.0
Death Brigade,1,0,1,100.0
Death Eaters,1,2,3,33.3
Death Of Ava,12,11,23,52.2
Death Wish,15,4,19,78.9
DeathRave,1,0,1,100.0
Debauchery,0,1,1,0.0
Deceiver,2,1,3,66.7
Deep Zero,0,1,1,0.0
Degeluse,0,1,1,0.0
Delete,1,1,2,50.0
Demeter Area,4,0,4,100.0
Demitasse,70,66,136,51.5
Demon Fang,14,41,55,25.5
Demon Sect,0,2,2,0.0
Demon of Inari,2,10,12,16.7
Depths Council,0,1,1,0.0
Depths King,0,1,1,0.0
Der,0,2,2,0.0
Desire,0,2,2,0.0
Destination,1,0,1,100.0
Devil My Tempest,0,4,4,0.0
Devourer of Gods,3,2,5,60.0
Dhaka,0,1,1,0.0
Diamond claw,0,9,9,0.0
DiamondFox_ID,0,2,2,0.0
Diamondback,0,1,1,0.0
Diana,0,2,2,0.0
DieEndThooth,1,4,5,20.0
DieVirgins,1,1,2,50.0
DikinBaus,0,1,1,0.0
Dino Jelly,33,81,114,28.9
Dirty Deeds Done Dirt Cheap,0,1,1,0.0
Dive Guu Tee,3,3,6,50.0
Django Freeman,2,2,4,50.0
DlSBAND,0,2,2,0.0
Dmwibu,0,1,1,0.0
Dog Slayer,11,1,12,91.7
Dok2,0,4,4,0.0
Dominate for you,1,2,3,33.3
DongJhooHao,0,1,1,0.0
Dons Empire,0,1,1,0.0
Dont AggrO,3,11,14,21.4
Doritos,2,5,7,28.6
Dotorii,57,44,101,56.4
DoubleSuggar,2,3,5,40.0
Doz Fellas,0,1,1,0.0
Dragon Blade,99,96,195,50.8
Dragon Crazy DxD,1,3,4,25.0
Dragon Torch,0,1,1,0.0
Dragon-Mi,9,30,39,23.1
DragonForce,2,4,6,33.3
DragonWorld,11,10,21,52.4
Dragon_Kings,0,1,1,0.0
Dragone Slayers,0,3,3,0.0
Dragonlandia,0,3,3,0.0
Dragons Breath,3,19,22,13.6
Dragonus Burathus,0,2,2,0.0
Drakania,0,2,2,0.0
Dread,0,5,5,0.0
Dream Archive,0,4,4,0.0
Dream Weave,1,0,1,100.0
Dreamweavers,150,185,335,44.8
Driffter,35,53,88,39.8
Dropsite Massacre,32,5,37,86.5
Drowning fish,0,2,2,0.0
Drum Teacher,1,6,7,14.3
Du Ka Mei,0,1,1,0.0
Du Liu De Ju Hui,17,12,29,58.6
Durian,0,1,1,0.0
Dystopian,13,36,49,26.5
E G O I S T,2,2,4,50.0
E Loong,1,2,3,33.3
E U N O I A,5,14,19,26.3
E X l L E,9,16,25,36.0
E x c o m m u n i c a d o,7,8,15,46.7
EAGLE HUNTER,1,1,2,50.0
EASTERN LEGION,0,1,1,0.0
EBC,0,3,3,0.0
ECOM,2,6,8,25.0
EGO EAST,0,4,4,0.0
EKIP,0,1,1,0.0
EL FAMILIA,4,5,9,44.4
ELDON HILLS,1,1,2,50.0
ELHANGT,3,9,12,25.0
ELONA,0,1,1,0.0
EL_DORADO,0,1,1,0.0
ENDANGERED,89,62,151,58.9
ENGAGE ON ME,0,3,3,0.0
ENGINE,0,3,3,0.0
ENJOYABLE,0,1,1,0.0
ENSENSE,1,1,2,50.0
ENT1TY,3,7,10,30.0
EQMS,19,26,45,42.2
ERASE,29,28,57,50.9
ETERNAL CRUSADE,6,60,66,9.1
ETIQUETTE,32,36,68,47.1
EVERWHELMING,0,4,4,0.0
EWSS,1,9,10,10.0
EXL NEMESIS,1,1,2,50.0
EYE-LESS ORDER,0,3,3,0.0
EYYOO,0,1,1,0.0
EZEarn,0,1,1,0.0
Eagle Army,0,18,18,0.0
Eagles nest,6,16,22,27.3
Earn To Win,3,16,19,15.8
Earn money,151,168,319,47.3
Eastern Paradise,0,2,2,0.0
Easy come Easy go,22,30,52,42.3
Eatpeople Fish,0,2,2,0.0
Echo of One,25,53,78,32.1
Echoes of Luden,0,3,3,0.0
Edelweiss,1,1,2,50.0
Eden Garden,1,0,1,100.0
EdenBumBum,0,1,1,0.0
Edwwax,0,1,1,0.0
EggorT,0,1,1,0.0
Ego1,0,1,1,0.0
Ei Yaung Warr,0,5,5,0.0
Elden Ashborn,6,4,10,60.0
Elder Crossing,0,1,1,0.0
Elimination,1,2,3,33.3
Elite Balls,0,1,1,0.0
Elitist Vanguard,4,8,12,33.3
Elsilva,1,9,10,10.0
Emergency,71,46,117,60.7
Eminence of Shadow,0,7,7,0.0
Emperor-Kingdom,0,1,1,0.0
Empyreus,35,42,77,45.5
Enchntd,0,3,3,0.0
End of Faith,0,1,1,0.0
Ender Clover,0,2,2,0.0
Endernations,24,50,74,32.4
Endless Combat,7,60,67,10.4
Energeeks,0,4,4,0.0
Enjoy Life First,0,11,11,0.0
Enterprises,9,14,23,39.1
Ephemeral,0,1,1,0.0
Epstein island,0,14,14,0.0
Error code,1,7,8,12.5
Eternal Catastrophe,9,10,19,47.4
Eternal Edge,125,70,195,64.1
Eternal Garudas,0,1,1,0.0
Eternal Gate,0,1,1,0.0
Eternal Nightfall,0,1,1,0.0
Eternal glorius,0,1,1,0.0
Ethereal Darkness,3,0,3,100.0
Ethereal Shadows,0,9,9,0.0
Ethernal Winter,0,1,1,0.0
Evangelion,35,45,80,43.8
Evenicle,1,1,2,50.0
Everwind,1,17,18,5.6
Evil Genius,1,2,3,33.3
Ewan Ko,0,1,1,0.0
Execuduros,0,1,1,0.0
Exiled Kingz,0,1,1,0.0
Extreme Velocity,0,3,3,0.0
Ez-1,4,17,21,19.0
F A M I L Y,173,176,349,49.6
F A N G,0,1,1,0.0
F E N I X E,0,2,2,0.0
F I G U R E,33,59,92,35.9
F I K A,59,73,132,44.7
F L A W,1,3,4,25.0
F O R S A K E N,0,1,1,0.0
F R E E S I A,0,27,27,0.0
F R O Z E N,57,74,131,43.5
FABULOUS,9,2,11,81.8
FAFA,1,0,1,100.0
FAIRY TAIL,3,4,7,42.9
FAIRYTAILE,0,1,1,0.0
FAKE INFO,7,15,22,31.8
FALLEN 4NGELS,0,4,4,0.0
FAM SETADEK POLE,1,3,4,25.0
FARMINGXD,0,2,2,0.0
FATE-Excalibur,0,19,19,0.0
FATUI Harbingers,0,1,1,0.0
FBI 0pen The Door,1,3,4,25.0
FEAR ME,22,7,29,75.9
FELIX INDUSTRIES,22,20,42,52.4
FFF Group,0,2,2,0.0
FIELD OF VIEW,0,1,1,0.0
FISH HUNTER,0,2,2,0.0
FLARE,4,10,14,28.6
FLOCC of SHEEP,0,1,1,0.0
FLOPIT,10,27,37,27.0
FLiP,1,0,1,100.0
FOR IN FIN,3,0,3,100.0
FOREST REGIMENT,5,11,16,31.2
FORT STERLING - LEGION,1,8,9,11.1
FORT STERLING LEGION,0,3,3,0.0
FORTUNAtE,6,24,30,20.0
FR13ND,8,2,10,80.0
FREE FOR ALL,5,8,13,38.5
FREE SOULS,0,2,2,0.0
FRICHZ,1,0,1,100.0
FRONT2BRAWL,1,4,5,20.0
FROSTBITE STRIKERS,2,11,13,15.4
FROSTBORN KNIGHTS,0,2,2,0.0
Faction Academy,90,53,143,62.9
FactionAllTime,3,3,6,50.0
Fairy---___---TaiL,1,3,4,25.0
Faksi Kegelapan,17,57,74,23.0
Falcons 255,0,1,1,0.0
Fallen Knights,0,1,1,0.0
Fallen Legions,1,2,3,33.3
Fameta,1,0,1,100.0
Family Type,13,27,40,32.5
Family_VN,0,2,2,0.0
Fang of Tigers,2,0,2,100.0
Farm CoCo,0,1,1,0.0
Farm HUB,1,2,3,33.3
Farm Or Die,82,74,156,52.6
Farmer Fisherman,2,1,3,66.7
Farmers Allegiance Company,4,3,7,57.1
Fatal Force,0,1,1,0.0
Fate,1,1,2,50.0
Fay Knights,1,2,3,33.3
FearX,0,2,2,0.0
Feline,0,1,1,0.0
Felony Syndicate,8,8,16,50.0
Fenr,97,66,163,59.5
Ferelith,4,7,11,36.4
Fight Or Run,8,18,26,30.8
Fightin fool,7,27,34,20.6
Filibusteros,5,32,37,13.5
Final Stand,0,2,2,0.0
FinalDestination,0,13,13,0.0
Finish,8,14,22,36.4
Fire Boys,26,29,55,47.3
First Company,8,30,38,21.1
First Contact,1,1,2,50.0
First love,27,33,60,45.0
First meow meow,4,10,14,28.6
Fish Mercenary,10,27,37,27.0
Fishing only side job,0,1,1,0.0
Fishmonger Corp,0,2,2,0.0
Flame Martyrs,4,7,11,36.4
Flash,18,18,36,50.0
FlavaClouds,9,6,15,60.0
Flipping hunt,0,2,2,0.0
Floralia,116,66,182,63.7
FlowerCity,0,2,2,0.0
FlowersCityCasual,0,2,2,0.0
Fofo_0721,0,3,3,0.0
Fokus Crypto,1,0,1,100.0
For Fight,0,1,1,0.0
For My Bro,3,5,8,37.5
Forest Cat,0,1,1,0.0
Forev,0,1,1,0.0
Forever Night,173,179,352,49.1
Forever Reign,1,3,4,25.0
Form2Sick,0,8,8,0.0
Forsaken Darkness,0,1,1,0.0
Fort Sterling Company,0,5,5,0.0
Fort Sterling41,10,10,20,50.0
Fortune,2,6,8,25.0
Fortune Bank,4,5,9,44.4
FourSeasonsFox,0,1,1,0.0
Freak Force,0,1,1,0.0
Freaky Fools,105,114,219,47.9
Frederick,0,1,1,0.0
Free Butterfly,48,87,135,35.6
Free Country,5,17,22,22.7
Free Loot,2,4,6,33.3
Freedom_Castle,8,46,54,14.8
Freemasons,0,1,1,0.0
FreyaJKT48,0,5,5,0.0
Friendly Fire Friendly,0,13,13,0.0
Friendly PVE,0,1,1,0.0
Friends Of War,1,1,2,50.0
From Zero,6,26,32,18.8
Front Pembegal Indonesia,1,0,1,100.0
FrostCrystal,0,3,3,0.0
Frostbite Reapers,89,57,146,61.0
Frostborn Exiles,3,31,34,8.8
Frostskulls Devils,0,4,4,0.0
Frustration Crew,17,8,25,68.0
Fsszsb,0,2,2,0.0
Fuhrer,1,4,5,20.0
Fumass III,0,1,1,0.0
Fun and Pleasure,8,7,15,53.3
Funny Dragons,0,5,5,0.0
FurrPect Syndicate,1,5,6,16.7
Future Party,111,97,208,53.4
FxxK,20,29,49,40.8
G A I J I N,17,53,70,24.3
G A N K S T E R S,1,1,2,50.0
G A U T A M A,9,33,42,21.4
G R O U N D Z E R O,3,13,16,18.8
G STONE CREEPS,6,34,40,15.0
G T R,0,3,3,0.0
G U I L D,9,58,67,13.4
G U N N E R,25,16,41,61.0
G-TOPPER,0,1,1,0.0
GALAXY FAMILIA,1,6,7,14.3
GAMZA,0,3,3,0.0
GANH KET DONG ZAM,2,1,3,66.7
GARUDA,7,12,19,36.8
GARUDA LEGION,1,17,18,5.6
GATHERER-INDO,11,18,29,37.9
GAY GUILD,7,0,7,100.0
GAY KILLER,7,7,14,50.0
GAYYYYSTAFF,1,2,3,33.3
GENIUSSES,6,3,9,66.7
GENKOTSU,4,10,14,28.6
GFN-GFN,1,1,2,50.0
GG-bond,1,0,1,100.0
GG969,37,26,63,58.7
GGBonds,5,11,16,31.2
GGGPVE,1,5,6,16.7
GGH,0,1,1,0.0
GHOST EMPIRES,0,1,1,0.0
GIGAN VIII,89,89,178,50.0
GIRI ASKARA,0,1,1,0.0
GLEAN,0,1,1,0.0
GLORIA ETERNA,0,6,6,0.0
GO FARM FAME,0,1,1,0.0
GOBLIN,0,1,1,0.0
GOBLIN CAMP ID,15,21,36,41.7
GOD EATER,81,115,196,41.3
GOD FATHER,0,1,1,0.0
GOD of INNU,6,6,12,50.0
GOG AND MAGOG,0,1,1,0.0
GOLD HORSE,0,2,2,0.0
GOLD SUPRISE,2,3,5,40.0
GOLDDIG,0,1,1,0.0
GOLDENDOG,2,2,4,50.0
GOOD BOY,0,1,1,0.0
GOOP GOOP GOOP,0,1,1,0.0
GOT YOU,0,1,1,0.0
GOWA Empire,0,3,3,0.0
GRAILKNIGHTS,0,1,1,0.0
GRAND VOYAGE,4,0,4,100.0
GRAVEBORN,0,2,2,0.0
GREEN LAND,0,2,2,0.0
GRIEVING-SOUL,12,14,26,46.2
GRINCA,1,0,1,100.0
GSP,0,6,6,0.0
GTMA,0,1,1,0.0
GTO Nazarick,12,44,56,21.4
GUILBION,1,0,1,100.0
GUILLOTINE,6,9,15,40.0
GUN Solo Leveling,1,1,2,50.0
Ga LinBei Low Cha,46,38,84,54.8
Galiants,1,0,1,100.0
Galthering,22,35,57,38.6
Gamchi,1,3,4,25.0
Game Of Throness,4,5,9,44.4
Gangers FUNNAMNOM,9,2,11,81.8
Ganja Ganja,1,1,2,50.0
Gank Dog,0,1,1,0.0
Ganker Pemula,0,1,1,0.0
Gankrs life,1,10,11,9.1
GaoLaoZhuang,8,30,38,21.1
Garage Internal,0,3,3,0.0
Garden babys,5,8,13,38.5
Gardener,0,1,1,0.0
Gas Terus,1,1,2,50.0
Gates of Darkness,0,1,1,0.0
Gather Anti Gather,9,19,28,32.1
Gather Humans,0,1,1,0.0
Gatherindo,0,1,1,0.0
Gathering FARM,3,16,19,15.8
Gaurdians Of North,0,5,5,0.0
GeG Sepele,0,1,1,0.0
Geiwofeiqilai,0,9,9,0.0
GenG Abang Tikus,1,1,2,50.0
GenZ dragons,0,7,7,0.0
Generals Ph,1,1,2,50.0
Genesis Aesir Pantheon Climax,0,1,1,0.0
Geney Riodan,0,1,1,0.0
GeraldNett,0,2,2,0.0
Gerhana,1,1,2,50.0
Gerifymon,0,1,1,0.0
Ghost Face,0,3,3,0.0
Gika Guild,0,1,1,0.0
Ginebra,2,4,6,33.3
Give Me Your Sis,14,8,22,63.6
Give Me Your Sister MF,2,2,4,50.0
Global Conflict Media,0,1,1,0.0
Global Unity,15,44,59,25.4
Glorify,1,3,4,25.0
Gnosa,2,7,9,22.2
Go to Game,1,1,2,50.0
Goal Killers,3,19,22,13.6
Goblinz,0,3,3,0.0
God_OF_Hunter,0,1,1,0.0
God_Of_War,42,53,95,44.2
Gold Bless,1,4,5,20.0
Gold Pigs,3,10,13,23.1
Gold n Wally,0,1,1,0.0
Gold_Taiwan,3,7,10,30.0
Golden Leaf,0,2,2,0.0
GoldenBlue TradingCo,0,2,2,0.0
GoldenGoose,0,1,1,0.0
GoldenRuner,1,0,1,100.0
GoldenTimes,1,2,3,33.3
Gomi_Games,0,1,1,0.0
Gondor,30,41,71,42.3
Good Times,24,11,35,68.6
Government Program,45,134,179,25.1
GranDeon,0,6,6,0.0
Grand Marshal,2,4,6,33.3
Grand Theft Albion,2,0,2,100.0
GrandRey,0,4,4,0.0
Grave Yard Robbers,0,1,1,0.0
Gravity Legion,3,25,28,10.7
Green Knights,21,56,77,27.3
Green Shadow,0,39,39,0.0
GreenSuits,0,1,1,0.0
Griffin Empire,162,179,341,47.5
Griffin Legion,32,62,94,34.0
GriimReaper,0,5,5,0.0
Grim Legion,2,14,16,12.5
Grim Shade,1,0,1,100.0
Grimoire GrimGuild,0,2,2,0.0
Grindval,0,5,5,0.0
Ground Mother,2,3,5,40.0
Grows,1,7,8,12.5
Gryphons Honor,1,15,16,6.2
GuGu GaGa,7,10,17,41.2
Guardian of Faith,4,1,5,80.0
Guardians of Albion,3,29,32,9.4
Guerilla Warriors,7,25,32,21.9
Guerrillas Of Destiny,0,13,13,0.0
GuildGooglyMoogly23,0,1,1,0.0
GuildNameNotFound,1,1,2,50.0
Gungn1r,23,68,91,25.3
Gunners,0,1,1,0.0
GymRats,0,2,2,0.0
H A R I B O N,0,1,1,0.0
H B J,67,42,109,61.5
H I T L E R,0,1,1,0.0
H N D,2,4,6,33.3
H U P,2,2,4,50.0
H Y P E R T E N S I O N,51,72,123,41.5
H a n a k i r i,0,2,2,0.0
H0RIZON,0,2,2,0.0
HA NOI DI BAY,2,5,7,28.6
HAHAHAHAHAHAHAHAHAHAHAHAHAHAHA,1,0,1,100.0
HAMBORG,0,3,3,0.0
HAMSHTER,7,46,53,13.2
HANSALDISINKAT,0,4,4,0.0
HARAISE,1,1,2,50.0
HARD LINE,0,1,1,0.0
HARVESTM00N,5,3,8,62.5
HAUS DARAH,0,1,1,0.0
HBL,0,6,6,0.0
HCM - VietNam,0,2,2,0.0
HE DONE,0,1,1,0.0
HEAVENLY GENERAL,1,1,2,50.0
HEE HAM HOOD,0,1,1,0.0
HEGEMONY,8,37,45,17.8
HEHEBOIz,0,2,2,0.0
HELIOS KNIGHTS,5,9,14,35.7
HELLO KOREA,5,18,23,21.7
HELLS DAREDEVILS,1,1,2,50.0
HER MES,13,41,54,24.1
HERO LEAUGE,0,1,1,0.0
HIGALA,2,3,5,40.0
HIGH RANKERS Pro,0,1,1,0.0
HIGH RISK HIGH REWARDS,5,14,19,26.3
HIGHLANDER,0,2,2,0.0
HIGHT AND LOW,8,15,23,34.8
HIRAYAH,26,77,103,25.2
HKPK,0,1,1,0.0
HOLIC,25,19,44,56.8
HOLY WINGS,0,2,2,0.0
HPB,2,3,5,40.0
HTA,0,1,1,0.0
HUSKIES,8,4,12,66.7
HXX-Gensokyo,1,7,8,12.5
HYBRIDS,130,47,177,73.4
HaChiu,3,16,19,15.8
HajTF,0,1,1,0.0
HallOfGrims,1,5,6,16.7
HanRyang,0,4,4,0.0
Hanafubuki,1,0,1,100.0
HandS,1,1,2,50.0
Happy New Year,0,1,1,0.0
HappyDay,193,219,412,46.8
Harmonia Eternity,11,36,47,23.4
Harmonic Mosaic,0,1,1,0.0
Harmony Heaven,0,5,5,0.0
HarryK Legacy,6,1,7,85.7
Harsh Winter,0,2,2,0.0
HaruanGemink,0,1,1,0.0
HeIIo Kitty,167,60,227,73.6
HeNan,0,2,2,0.0
HeSweet,1,2,3,33.3
Healing Cannot Save,1,0,1,100.0
Healing sprout,0,1,1,0.0
Heart of Thetford,6,30,36,16.7
Hearthstone,0,1,1,0.0
Heartsteel,10,17,27,37.0
Heaven Breaker,1,3,4,25.0
Heaven Drive,51,38,89,57.3
Heaven Knight,30,31,61,49.2
Heavenly Virtues,0,11,11,0.0
HeavenlyDemon zero,0,3,3,0.0
Helios Files,3,7,10,30.0
Helios Phoenix,128,131,259,49.4
Hell Fire Club,3,10,13,23.1
Hell Paradise,0,2,2,0.0
Hellen killer,0,4,4,0.0
Hellgater,2,0,2,100.0
Helmet Bahini,1,8,9,11.1
Hemisphere,3,6,9,33.3
Herrschers,0,2,2,0.0
Herve,2,12,14,14.3
HhOhH,0,3,3,0.0
HidE0ut,3,15,18,16.7
High Cards,103,139,242,42.6
High IP Low IQ,6,6,12,50.0
High Noon,6,8,14,42.9
HighHeaven,2,7,9,22.2
Highest Point,0,2,2,0.0
Highland Beginner Adventurers,0,1,1,0.0
Hijinks,0,1,1,0.0
Hiryu,0,2,2,0.0
HoaQuaSon,2,0,2,100.0
Hog_Rider,0,2,2,0.0
Hohoesa Pakchara,1,22,23,4.3
Hold On,2,1,3,66.7
HollowCrown,14,20,34,41.2
Holy Black Knights,0,4,4,0.0
Holy Knights of Albion,0,1,1,0.0
Holy Mansion,0,1,1,0.0
HomeLesssss,1,0,1,100.0
Honey-Badger,5,18,23,21.7
Hong Xing,13,21,34,38.2
Hong lang man club,6,20,26,23.1
HongShaoRou,1,2,3,33.3
Hooligan,1,6,7,14.3
Hooman,2,6,8,25.0
Horagais Production,0,1,1,0.0
Horcrux,36,26,62,58.1
Hot Choc,0,9,9,0.0
Hot Coffee Essence,0,1,1,0.0
HouChangYi,0,2,2,0.0
House Of Mirrors,5,3,8,62.5
House of No One,12,26,38,31.6
House of Salvatore,0,2,2,0.0
House of Wolfs,1,0,1,100.0
HuZhuHui,0,2,2,0.0
HuaDaBin,45,65,110,40.9
HuaLiHuSao,4,5,9,44.4
Huangpu Military Academy,1,2,3,33.3
Hudyat,8,12,20,40.0
Husky Empire,7,30,37,18.9
Hwnag Fam,0,6,6,0.0
I BRD I BROTHERHOOD I,0,2,2,0.0
I Beat Tragdik In An Easy 1v1,0,3,3,0.0
I Blood Moon I,3,14,17,17.6
I Defend You Die,0,1,1,0.0
I FORSAKEN I,22,28,50,44.0
I HATE ALBION,6,6,12,50.0
I NUSANTARA I,4,1,5,80.0
I R2K I READY TO KILL,9,7,16,56.2
I Slytherin I,15,16,31,48.4
I The Flying Dutchman I,278,242,520,53.5
I can be ur Superman,25,16,41,61.0
I like money 1,0,2,2,0.0
I-MOA-I MERCHANT COMPANY -TH,0,5,5,0.0
IAN,0,1,1,0.0
ICE,0,1,1,0.0
ICRC,12,3,15,80.0
IDN New,0,1,1,0.0
III JESTERS,0,3,3,0.0
ILLUSTRADO,1,3,4,25.0
IMBA,0,1,1,0.0
IMLADRIS,1,13,14,7.1
IN4NG,0,4,4,0.0
INCOHERENT,0,2,2,0.0
INDOALBION,0,8,8,0.0
INDONESIA CORRUPT GOVERNMENT,1,0,1,100.0
INDONESIA MERDEKA,1,10,11,9.1
INSIDIOUS ZONE,2,1,3,66.7
INSOMNIOUS,0,1,1,0.0
INTERGALACTIC BAGANG,5,16,21,23.8
INTING CAN,0,1,1,0.0
INTOTHEAIR,0,1,1,0.0
IPIS,0,1,1,0.0
ISKRA,23,41,64,35.9
Ice Age 2002,1,0,1,100.0
IcePiper,0,1,1,0.0
Idochine,2,13,15,13.3
If i die its lag,0,5,5,0.0
Igdras,3,4,7,42.9
Ignavia de Pisces,1,2,3,33.3
Ikatan Pemuda Fortsterling,1,0,1,100.0
Im so hungry I could eat a dog,9,9,18,50.0
ImPorTanT,1,0,1,100.0
Immortal Empire,0,1,1,0.0
Immortal King,1,3,4,25.0
Immortals Of Valhalla,0,1,1,0.0
Imperial Guardian,0,1,1,0.0
In Gold We Trust,0,1,1,0.0
IndianGanG,108,62,170,63.5
Indische Partij,3,1,4,75.0
IndoEternity,0,2,2,0.0
Inevitable Glory,4,3,7,57.1
Infected Valhalla,0,1,1,0.0
Info Mancing,1,7,8,12.5
Ingenious street,0,1,1,0.0
Ingrown Sa Paa,1,0,1,100.0
Initial Engage,29,38,67,43.3
Inmates,1,2,3,33.3
Instinct,2,3,5,40.0
Invade,24,21,45,53.3
Iron Bank,0,1,1,0.0
Iron Dominian,0,2,2,0.0
Iron Dominion,1,8,9,11.1
Iron Ox Cartel,1,4,5,20.0
Ironclad Concord,2,15,17,11.8
Irregulars,1,0,1,100.0
Isekai46,1,2,3,33.3
Isla d3lta,0,3,3,0.0
Island_Hunter,1,0,1,100.0
J A G E R,1,0,1,100.0
JAPANESE GATHERERS,0,2,2,0.0
JAPANTZ,1,6,7,14.3
JARERNs,0,11,11,0.0
JOLLY,14,18,32,43.8
JP6,1,0,1,100.0
JRX,2,2,4,50.0
JSCL,73,89,162,45.1
JSK,3,4,7,42.9
Jagdgeschwader 52,27,60,87,31.0
Jakol Hero,0,1,1,0.0
Jawbreaker,1,1,2,50.0
Jessus,0,1,1,0.0
Jia Nan,29,108,137,21.2
JiangHu,29,28,57,50.9
JingKonTot,1,1,2,50.0
John Wick,20,7,27,74.1
Jonnys Entertainment,0,1,1,0.0
Journey Uncharted,3,5,8,37.5
Judgementt1,13,10,23,56.5
Judy no go Cindy no come,21,16,37,56.8
JugGerNaut,1,16,17,5.9
Jungle book,1,0,1,100.0
Just chill and play,0,9,9,0.0
Just4Play,0,1,1,0.0
JustBored,0,1,1,0.0
JustForSaveOC,2,1,3,66.7
K A L A N S A Y,1,10,11,9.1
K A R U H U N,0,1,1,0.0
K R U N G S R I,19,34,53,35.8
K depth,0,1,1,0.0
K o m o r e b i,7,1,8,87.5
KADAL,22,35,57,38.6
KAI RUY,6,26,32,18.8
KAIBUSHI,2,8,10,20.0
KAIRAGI,0,1,1,0.0
KAKI TIGA,38,52,90,42.2
KALONG,0,9,9,0.0
KAMBILAN,1,2,3,33.3
KANTO,14,14,28,50.0
KAPAK KANCUT,0,1,1,0.0
KATANA,91,140,231,39.4
KEPOTISME,3,5,8,37.5
KEYBOARD,5,14,19,26.3
KFCv50,0,1,1,0.0
KHAOS,62,13,75,82.7
KIMVET MRINGISS,0,2,2,0.0
KING REVENGE,2,7,9,22.2
KINGS CRUSADE,0,4,4,0.0
KINGSLAND,3,21,24,12.5
KINGZ LEGIONS IND,0,1,1,0.0
KITTIE,1,1,2,50.0
KNIGHT OF MARSH,0,1,1,0.0
KNIGHTS OF THE CRUSADE,0,2,2,0.0
KNIGHTS OF VILLADORE,1,1,2,50.0
KNIGHT_OF_BLOOD,87,28,115,75.7
KNYACKI,0,7,7,0.0
KONICHIWA,2,2,4,50.0
KOREA DAY R,0,4,4,0.0
KPA,6,18,24,25.0
KRAVENIX,1,1,2,50.0
KUMA,61,48,109,56.0
KUPALORD,0,1,1,0.0
KYNO,0,1,1,0.0
KZR-Fams,0,4,4,0.0
KaLaewKaLad,51,47,98,52.0
KaNaNuTho,4,5,9,44.4
KacimPowerXtreme,1,1,2,50.0
KadalBuntung,0,2,2,0.0
KaiHuang Alliance,3,1,4,75.0
KaizokuShinigami,1,0,1,100.0
KajiRingo,33,33,66,50.0
Kanglei Natives,0,1,1,0.0
Kantaka,0,1,1,0.0
Karma Committee,3,7,10,30.0
Karmic,50,130,180,27.8
Kasanova,15,10,25,60.0
KattyGang,0,3,3,0.0
Kazoo,0,1,1,0.0
Kendan,53,61,114,46.5
Kerajaan Solo,10,8,18,55.6
Kids On The Move,13,25,38,34.2
Kill Orgy,1,0,1,100.0
Kimchi warrior,0,1,1,0.0
Kimowa,0,1,1,0.0
KindReds Tavern,0,2,2,0.0
King Of The Night,0,3,3,0.0
Kingdom,104,143,247,42.1
Kingdom Of Avalon,0,1,1,0.0
KingdomOfJesusChrist,4,10,14,28.6
Kingdom_of_God,1,4,5,20.0
Kleinschalige Genieter,0,1,1,0.0
Knight Of The Sun Vtopia,0,8,8,0.0
Knight of the Apocalypse,0,2,2,0.0
KnightfaII,9,3,12,75.0
Knights Hospitaller 7,0,2,2,0.0
Knights of the Black Dragon,0,8,8,0.0
Kocorea,1,11,12,8.3
KongFu PanDa,78,69,147,53.1
Kool Kids Klub,0,5,5,0.0
Kor Zombie,2,0,2,100.0
KrrngKhuong,0,4,4,0.0
Kucubung Effect,3,1,4,75.0
Kuda Hitam,0,2,2,0.0
KumaKuma,16,27,43,37.2
Kunfayakun,119,153,272,43.8
Kunlun Jade QingJing,12,26,38,31.6
KurageGames,0,1,1,0.0
KuromiO3O,4,6,10,40.0
KusKus,0,1,1,0.0
L D C L H,0,3,3,0.0
L E G I O N,0,1,1,0.0
L I B E R A T I O N,4,11,15,26.7
L O C U S T,9,38,47,19.1
L O N E,20,7,27,74.1
L T K Z,2,4,6,33.3
L U M E N S,3,6,9,33.3
L U N A,0,1,1,0.0
L03,0,3,3,0.0
L122844033,0,10,10,0.0
LABORLER,0,1,1,0.0
LAC THAN,6,2,8,75.0
LANCASTER,0,1,1,0.0
LAOGANDIE,0,2,2,0.0
LAST GANGSTER,2,2,4,50.0
LD1,0,1,1,0.0
LDv,0,1,1,0.0
LEE SOTE,0,1,1,0.0
LEGION BYZANTIUM,5,10,15,33.3
LEGION OF THE UNDERWOLD,3,21,24,12.5
LEGION SOUL,2,3,5,40.0
LEGION1,0,5,5,0.0
LEVELING,38,48,86,44.2
LGBT LetsGrowBusinessTogether,0,2,2,0.0
LIBORIO,3,0,3,100.0
LIFE IN PEACE,0,1,1,0.0
LITERALLY,0,4,4,0.0
LIVING THINGS,1,5,6,16.7
LOHJNAWE,3,10,13,23.1
LOLI BOMBERS,1,0,1,100.0
LOOKOUTS,7,10,17,41.2
LOSER CLUB,3,10,13,23.1
LOVUONG,7,18,25,28.0
LUMA_PH,1,2,3,33.3
LUPAC,1,2,3,33.3
LUXI0N,0,1,1,0.0
LUXION,0,1,1,0.0
LYM EGO,16,5,21,76.2
LYM PORTAL,35,77,112,31.2
LYMHURST ARINOLA THE III,0,2,2,0.0
LYSSAN,1,2,3,33.3
Lacunarum Custodes,6,20,26,23.1
Lai tsai Project,25,23,48,52.1
LaiFaNongDer,0,1,1,0.0
LakeSide Villa,1,2,3,33.3
LanJiaoTao,0,4,4,0.0
Langya Special Brigade,9,4,13,69.2
Lao Qian Xue Yuan,9,7,16,56.2
LaoPLao,1,2,3,33.3
LastStando,1,5,6,16.7
Laughing Boulevard,173,125,298,58.1
Laughing Coffin21,0,2,2,0.0
Laughing Coffint,0,1,1,0.0
Laughing Coffn,15,49,64,23.4
Lazy Ass,0,1,1,0.0
Lazy Bear,24,48,72,33.3
Legends Return,0,1,1,0.0
Legio Nova Roma,0,5,5,0.0
Legion of Doom,0,1,1,0.0
Leisure time,2,10,12,16.7
Leonhart Asylum,0,2,2,0.0
Lepak Dulu Guild,0,1,1,0.0
Level-99,1,2,3,33.3
Lex Talionis,2,16,18,11.1
LiBulan Guild,0,1,1,0.0
Liberty World,0,8,8,0.0
Life or Death,4,17,21,19.0
Light House,2,5,7,28.6
Light callers,0,3,3,0.0
LightWarrior,2,4,6,33.3
LightWeightBby,1,4,5,20.0
Lightborn Syndicate,36,57,93,38.7
Liliana,0,2,2,0.0
Lilith,0,1,1,0.0
Limit Of Glory,3,1,4,75.0
Linday,0,4,4,0.0
Lingan Guli Guli,1,4,5,20.0
Lion Hearts,3,5,8,37.5
Lionheart Eventyr,4,4,8,50.0
Lions Den,1,4,5,20.0
Lions of Fort Sterling,0,1,1,0.0
Live Less Bank More,1,2,3,33.3
Liyan,0,1,1,0.0
Lizard Squad,6,7,13,46.2
Lockup,0,2,2,0.0
Loli Island,4,3,7,57.1
LolitaSOS,1,1,2,50.0
London,4,8,12,33.3
Lonely Albion,1,0,1,100.0
Longanisa,0,1,1,0.0
Loot And Donate,0,3,3,0.0
Loot and Scoot,4,1,5,80.0
Lord Of Mysteries,0,2,2,0.0
Lord of Yasuke,11,36,47,23.4
Loskalos,0,1,1,0.0
Lost And Ushered,1,4,5,20.0
Louis Bean,0,1,1,0.0
LouisVuitton,0,2,2,0.0
Love-Apartment,0,1,1,0.0
Low Durability Legends,0,2,2,0.0
LowKey Legends,4,1,5,80.0
Lube Core,2,7,9,22.2
Luck is not a story,7,3,10,70.0
Lucky Fools,1,3,4,25.0
LukuLaka,0,2,2,0.0
Lumi,27,56,83,32.5
Luminous PH,26,14,40,65.0
LunSol,16,23,39,41.0
Lunagon Island,5,31,36,13.9
Lunation,2,2,4,50.0
Lune,2,6,8,25.0
Lym World,16,19,35,45.7
Lymhurst Ranger,37,60,97,38.1
Lymhurst war,12,7,19,63.2
M A N T R A,5,5,10,50.0
M A R S,6,16,22,27.3
M I 6,1,1,2,50.0
M O G A,41,28,69,59.4
M Y A N M A R,0,2,2,0.0
MAAF BANG,0,1,1,0.0
MABAR,24,106,130,18.5
MACD,0,5,5,0.0
MACHERIE,2,2,4,50.0
MAFIA ZONE,1,5,6,16.7
MAGTATAHO,20,19,39,51.3
MAKAN BERGIZI GRATIS,2,2,4,50.0
MAKE SENSE,1,0,1,100.0
MALIGNANT,0,3,3,0.0
MALUKU,1,9,10,10.0
MAN0K NA PULA,0,2,2,0.0
MANDATE,1,3,4,25.0
MANGANGASO,0,3,3,0.0
MANIFEST,46,57,103,44.7
MARLBORO SR,1,1,2,50.0
MARTLOCK ROOKS,0,3,3,0.0
MAS-MAS JAWA,0,1,1,0.0
MATADOB,0,1,1,0.0
MAX VERSTAPPEN,294,88,382,77.0
MAXs,2,25,27,7.4
MC corp,1,1,2,50.0
MCS-P,13,19,32,40.6
MDL,1,0,1,100.0
MELEE,2,0,2,100.0
MEMORY 007,0,1,1,0.0
MENGXIN,2,7,9,22.2
MERCHANTS I,5,9,14,35.7
METANOlA,0,1,1,0.0
MIDNIGHT R0SE,4,5,9,44.4
MIKE TEA,16,17,33,48.5
MINlONS,112,92,204,54.9
MIRCS,2,3,5,40.0
MISTHEORY,0,16,16,0.0
MMMMILK,2,2,4,50.0
MMSP Chou pro lay,0,1,1,0.0
MO GU,380,282,662,57.4
MO GU II,0,17,17,0.0
MODERN PATTERN,2,3,5,40.0
MONEY GAME,0,2,2,0.0
MOONLITH BLACK CATS,0,1,1,0.0
MORGANACULT,0,4,4,0.0
MOTE SO MA,0,1,1,0.0
MS Morning Star,5,6,11,45.5
MThuns Gang,0,1,1,0.0
MUZAHIDIN,0,2,2,0.0
MYANMAR NO1,1,5,6,16.7
Ma Ma Lover Myar,0,2,2,0.0
MaFuMaFu HEAVEN,3,3,6,50.0
Mafia Ragnamok,0,3,3,0.0
Magic Of Game,0,1,1,0.0
MagicCancer69UwU,1,0,1,100.0
Maharlika,174,178,352,49.4
Maharlika Knights,2,10,12,16.7
Mahasiswa Jompo,1,0,1,100.0
Mahatma Suvarna,11,26,37,29.7
MakaPaka,0,1,1,0.0
Make AIbion Great Again,2,2,4,50.0
Maleakhi Fans Club,1,0,1,100.0
Malevolent,2,7,9,22.2
Mam-moth,10,28,38,26.3
Mammoth King,143,88,231,61.9
Mandala Guild,0,5,5,0.0
Manhattan Ape Gang,1,2,3,33.3
Margasatwa,0,9,9,0.0
Marina,0,3,3,0.0
Mark of the conqueror,0,2,2,0.0
Marlotck In Heart,10,33,43,23.3
Martlock City,0,1,1,0.0
Martlock Tales,0,1,1,0.0
Masked Bandits,68,109,177,38.4
Masked Fools,0,2,2,0.0
Massive Attack,5,2,7,71.4
Master Nationalist,0,1,1,0.0
Master Siomai,7,39,46,15.2
Matcha Ore,36,51,87,41.4
Mathias,4,10,14,28.6
MatunoKingdam,1,1,2,50.0
Medieval Royal Guards,3,35,38,7.9
Meerkat Assemble,237,232,469,50.5
Meeting Stone,60,151,211,28.4
Meitei Ninja,0,1,1,0.0
Melonz1,0,1,1,0.0
Men in God,0,2,2,0.0
Mental Abuse To Human,3,11,14,21.4
Meow Immortal,152,199,351,43.3
Meow Magician,0,1,1,0.0
Meow x Meow,18,24,42,42.9
Meowfia,38,73,111,34.2
Mercenary CorpS O L O,0,4,4,0.0
Mercenary soldier,0,1,1,0.0
Merchant Militia,6,23,29,20.7
Merchants Creed_Brotherhood,2,19,21,9.5
Meta Void,0,1,1,0.0
Metatron,0,1,1,0.0
Midnight Blades,0,4,4,0.0
Midnight Rose,73,221,294,24.8
Midnight Strays,0,4,4,0.0
MilchorGaming,2,3,5,40.0
Millefiore,0,1,1,0.0
Minerva-X,63,62,125,50.4
Minerva-j,0,15,15,0.0
Miscreant,0,1,1,0.0
Missings turn into ocean,1,7,8,12.5
Mistwood Fen,3,16,19,15.8
Mitaaaaaaa,0,1,1,0.0
Mizoram University,2,19,21,9.5
MoFuMoFu HEAVEN,59,127,186,31.7
Mochi Kingdom,9,36,45,20.0
MockingBird7,3,10,13,23.1
Mofa,0,1,1,0.0
Mogua,0,1,1,0.0
Moment,0,1,1,0.0
Money Belief,1,7,8,12.5
Money saving,1,0,1,100.0
MoneyHunter,102,169,271,37.6
MoneyMoneyComeOn,2,25,27,7.4
Monster0,0,3,3,0.0
MooKaJok,0,2,2,0.0
Moon Reaper,4,8,12,33.3
Moon Rise,0,1,1,0.0
Moonlight Reapers,1,0,1,100.0
Moonstruck,0,1,1,0.0
Morvayne,0,1,1,0.0
Mote Sane Lrr,0,1,1,0.0
Mount Never-Old,20,41,61,32.8
Mucksmen,1,1,2,50.0
Multatuli Mercenaries,1,10,11,9.1
Multi-Nations,0,6,6,0.0
Munelicryst,3,2,5,60.0
Murfree Brood,0,2,2,0.0
Murim Alliance,0,1,1,0.0
Murphy Bank,1,0,1,100.0
Musnow117,3,10,13,23.1
My Lethal Pony,13,12,25,52.0
MyBelovedEki,0,3,3,0.0
Myanmar burma,0,13,13,0.0
Mystical Knights,2,12,14,14.3
Mythical Knight,8,29,37,21.6
N E G U S,0,1,1,0.0
N E R F,0,3,3,0.0
N O I R,2,9,11,18.2
N Y X,2,20,22,9.1
N-Coalition,3,7,10,30.0
N0rth Side,0,3,3,0.0
N3Z3R3UX,0,1,1,0.0
NAGA PEOPLES FRONT,0,1,1,0.0
NATURE_Team,10,8,18,55.6
NB FOREVER,15,47,62,24.2
NCRE,0,1,1,0.0
NEGA acctives,0,1,1,0.0
NENEK TURBO,0,1,1,0.0
NEPTUNEZ,0,1,1,0.0
NEVERLUS,4,9,13,30.8
NEW TESTAMENT,0,1,1,0.0
NGAWI RAMAH,0,3,3,0.0
NGGang,6,13,19,31.6
NGOCIK,1,1,2,50.0
NIC3,0,2,2,0.0
NICE player,0,1,1,0.0
NIFLHEIM VANGUARD,0,13,13,0.0
NIGHT DEMONS,0,8,8,0.0
NIGHT WALKS,2,7,9,22.2
NIMBUS,3,12,15,20.0
NINE,0,1,1,0.0
NO EGO,0,1,1,0.0
NO FEAR NO TEAR,2,1,3,66.7
NO FEARR,1,1,2,50.0
NO GAIN JUST PAIN,0,2,2,0.0
NO PLAYER CONTROL,1,0,1,100.0
NO-RE,17,22,39,43.6
NOCTUA,1,1,2,50.0
NORTHERN XEON,0,1,1,0.0
NOXTURNAL,18,11,29,62.1
NOXchaos,0,1,1,0.0
NO_OC,51,59,110,46.4
NRP,0,1,1,0.0
NUMEROS,1,3,4,25.0
NVDHi,60,51,111,54.1
NVM SD,4,4,8,50.0
NYXORA,1,3,4,25.0
Nang Pi Yan Zi,0,5,5,0.0
Naughty Squad,0,1,1,0.0
NeGalius,8,14,22,36.4
NekoParadoxia,21,36,57,36.8
Nekora,1,3,4,25.0
Nellie,3,9,12,25.0
Nemo Bomb,13,13,26,50.0
Nemo Nemo,83,119,202,41.1
Neophyte Vanguard,1,3,4,25.0
Nesmrtno obratno,0,2,2,0.0
Never Regret,3,9,12,25.0
Never Say Never,23,41,64,35.9
Never wither,0,1,1,0.0
Nevertheless2,5,3,8,62.5
New Oriental,0,3,3,0.0
New heliansheng,5,7,12,41.7
NewFalconComunitas,2,14,16,12.5
NewNew Young,34,42,76,44.7
New_World_Order,7,43,50,14.0
Newbie unity,2,11,13,15.4
Newtype,0,1,1,0.0
Nexode,2,12,14,14.3
Next Miracle,0,11,11,0.0
Nezuko Printer,10,2,12,83.3
Nguu Dai Son,1,8,9,11.1
Ni-ga Spider Gang,0,1,1,0.0
NiTianGaiMing,9,54,63,14.3
Night Gamerz PH,1,1,2,50.0
NightCity,4,22,26,15.4
NightFall Ephemeral,0,3,3,0.0
Nine Lives Legion,0,6,6,0.0
NingSheon,2,2,4,50.0
Ninja Sawit,0,1,1,0.0
Nite Sword,0,1,1,0.0
Nitouryu,5,6,11,45.5
No Gank No kill,0,2,2,0.0
No Gathering No Life,3,1,4,75.0
No Mans Heaven,0,1,1,0.0
No Mercyy,4,1,5,80.0
No Picture,10,5,15,66.7
NoBeingsXYX,0,4,4,0.0
NoBu,2,2,4,50.0
NoMadS HeAven,1,2,3,33.3
NoNNoY,0,3,3,0.0
NobleBloodline,15,21,36,41.7
Nocries,7,0,7,100.0
Noctera,28,23,51,54.9
Noctis,41,48,89,46.1
Noli Me Tangere,0,1,1,0.0
Nomadz,4,25,29,13.8
Noob Family,55,124,179,30.7
NoobGaming_YT,12,12,24,50.0
NosaCosta,0,1,1,0.0
Not A Gamer,0,1,1,0.0
Nowhere To Run,0,2,2,0.0
Noxian Empire,4,15,19,21.1
Nyarvelous,1,0,1,100.0
Nyawiiit,0,1,1,0.0
Nyc Lyra,0,1,1,0.0
Nyork-Keys,1,7,8,12.5
Nyra,1,1,2,50.0
Nzzz,1,16,17,5.9
O R C H E S T R A,0,1,1,0.0
O R G A S M,1,1,2,50.0
O U T L A W,9,41,50,18.0
OBLIVION ORDER,0,2,2,0.0
OCEANKAI CLAN,0,2,2,0.0
ODOMO lol,1,2,3,33.3
OKTAGRAM,2,3,5,40.0
OLD COUNTRY,0,1,1,0.0
OMNI SLASH,9,23,32,28.1
ONE SPARK,2,0,2,100.0
ONE-JING,9,14,23,39.1
ONG BUT,9,39,48,18.8
OPC GGININDER,9,20,29,31.0
OPFarmer,7,20,27,25.9
OPM,5,6,11,45.5
ORANG JAWA,1,2,3,33.3
ORCS,3,6,9,33.3
ORIGINWORLD,5,1,6,83.3
OSAKANA RANDO,0,1,1,0.0
OUTSTAND,1,9,10,10.0
OVERLOVE,3,2,5,60.0
OXILON EMPIRE,0,1,1,0.0
OXYN,0,1,1,0.0
OYO_OYO,3,4,7,42.9
Oblivious,0,4,4,0.0
Obsidian Throne,0,1,1,0.0
Ocean Waves,40,44,84,47.6
Oh yes,1,30,31,3.2
Old Chiken Headquarters,1,0,1,100.0
Old Guys Club,0,1,1,0.0
Old Man,31,49,80,38.8
Old Singularity,35,45,80,43.8
Olorun,55,12,67,82.1
Omega Planetes,0,6,6,0.0
Omnipotent Leveling,5,9,14,35.7
Once Upon a Time,83,50,133,62.4
One More Times,42,86,128,32.8
One Piece Crew,1,0,1,100.0
One Shot,14,26,40,35.0
OneDone,46,25,71,64.8
OneFame,4,23,27,14.8
OneG0LD,0,7,7,0.0
One_Piece001,0,2,2,0.0
Onely,0,16,16,0.0
Oneshotnaja,0,1,1,0.0
OniChanDizz,3,9,12,25.0
Only Gamers,0,1,1,0.0
Only Heal,3,0,3,100.0
OnlyRatsTV,1,4,5,20.0
Onlytrader,0,1,1,0.0
Oops Youre Dead,0,2,2,0.0
Oracion VII,0,2,2,0.0
Order of Lust,1,1,2,50.0
Ordo Musaceae,19,20,39,48.7
Orphic,58,36,94,61.7
Osna Capla,1,0,1,100.0
OutlandAussies,13,8,21,61.9
Outlands Dominator,1,4,5,20.0
Outlaws Crew,5,11,16,31.2
Over-Lord,0,1,1,0.0
OverDaddy,1,2,3,33.3
Overhealing,5,5,10,50.0
Ox_Shepherd,2,8,10,20.0
P A R A S Y T E,4,3,7,57.1
P E N K U Y R A I,1,2,3,33.3
P O I S O N,0,3,3,0.0
P O L A R I S,93,11,104,89.4
P R E D A T O R,1,1,2,50.0
P R E S S U R E,1,1,2,50.0
P R O U D,2,5,7,28.6
P T,0,5,5,0.0
P U R G E,208,131,339,61.4
P U R P,15,27,42,35.7
P3GGYBANK,0,1,1,0.0
PADARINGAN,0,2,2,0.0
PAING1997,0,1,1,0.0
PAIPANcorps,1,5,6,16.7
PALABOYZ,0,1,1,0.0
PALC,0,1,1,0.0
PANCA INDRA,1,2,3,33.3
PANTEON,0,1,1,0.0
PANTYniAUNTY,1,0,1,100.0
PAPAYA POKPOK,172,136,308,55.8
PARLOR,0,2,2,0.0
PASTER,0,2,2,0.0
PCCP,0,1,1,0.0
PDl PERJUANGAN,7,24,31,22.6
PEDAGANG RADIKAL,0,1,1,0.0
PEENOISE REPUBLIC,0,6,6,0.0
PEMBURU DOCIL,0,1,1,0.0
PENJAGAL SEMVAK,1,3,4,25.0
PETANI BERSENJATA,10,10,20,50.0
PH Mandirigmaa,0,1,1,0.0
PH Valiant,0,1,1,0.0
PH-Crusaders of Light,1,0,1,100.0
PINOY G,6,6,12,50.0
PINOY PRIDE,0,1,1,0.0
PIROOT,0,1,1,0.0
PK Hunter,2,0,2,100.0
PK MAX,7,14,21,33.3
PL4B,9,9,18,50.0
PLAC,254,134,388,65.5
PLANET,30,41,71,42.3
PLAY IN KINGDOOM,1,0,1,100.0
POLRES LYMHURST,10,36,46,21.7
POLSEK ALBION TIMUR,26,10,36,72.2
POOPII,12,34,46,26.1
PPV,2,2,4,50.0
PRABOBO,6,3,9,66.7
PRAXIS,0,1,1,0.0
PROFANE,1,1,2,50.0
PRX,5,2,7,71.4
PSC,77,175,252,30.6
PSYCHOPOMP,2,5,7,28.6
PSYKOPATH,92,73,165,55.8
PTHorpY,1,1,2,50.0
PUMPIM,6,22,28,21.4
PVP With Me,0,8,8,0.0
PVP or Die,1,2,3,33.3
P_P,3,16,19,15.8
Packet Loss,32,27,59,54.2
Paguyuban Damai Ikut Party,0,1,1,0.0
PalaceGUARD,73,76,149,49.0
PanPanPan,0,1,1,0.0
Pandoras,0,1,1,0.0
Paradis Isekai,0,1,1,0.0
Paragua,0,1,1,0.0
Paratanu,1,1,2,50.0
Parmata,0,1,1,0.0
Partai Banteng,1,2,3,33.3
Partai Buruh Indonesia,0,1,1,0.0
Pasakal,1,0,1,100.0
Pasta La Vista,1,2,3,33.3
Paw Order,0,1,1,0.0
Paws n Claws xx,1,4,5,20.0
Pazhio,0,1,1,0.0
PeOdy,1,1,2,50.0
Peace Park,1,0,1,100.0
Peace th,0,1,1,0.0
Peek a Bomb,0,1,1,0.0
Pejuang_Rupiah,0,2,2,0.0
Pemburu Tobrut,0,2,2,0.0
Pencari Silver,1,3,4,25.0
Pencilgon,2,6,8,25.0
Peng Lai Xian Jing,42,80,122,34.4
Penny Pinchers,1,3,4,25.0
Peony Flower,3,4,7,42.9
Peridium,0,1,1,0.0
PetaniManja,0,1,1,0.0
Petanii,10,20,30,33.3
Petir Merah,0,1,1,0.0
Phantasm Havoc,1,4,5,20.0
Phantom Monarch,4,9,13,30.8
Phantom Troupe3007,0,1,1,0.0
Phantom of Static,0,3,3,0.0
Phoenix Reborn,5,4,9,55.6
Phosphorescent Flame,38,4,42,90.5
Pierce,183,184,367,49.9
Pineapple in the biggest ass,0,1,1,0.0
Ping300,62,66,128,48.4
Pink 7,39,80,119,32.8
Pink Memory,130,100,230,56.5
Pink Paws,0,2,2,0.0
Pinnacle of Awesome,0,3,3,0.0
PinoyHinayopz,0,6,6,0.0
Pirates of the Martlock,6,6,12,50.0
PiyoPiyoBrigade,0,1,1,0.0
Plain,0,1,1,0.0
Play In Freedoom,3,11,14,21.4
Poiuytrewq,0,1,1,0.0
Polar Bears,0,4,4,0.0
Pontificia,0,1,1,0.0
Poooor Man,1,9,10,10.0
PoopooDancers,23,33,56,41.1
Pos_utama_kurir,0,1,1,0.0
Possibly Puissant,0,1,1,0.0
Potato Academy,0,2,2,0.0
Poverty Hunter,0,2,2,0.0
Press A to Die,1,1,2,50.0
Primordial of Black,1,6,7,14.3
Pristine,21,20,41,51.2
Probably Lost,1,3,4,25.0
Prodigyy,12,3,15,80.0
Professional Raba,0,1,1,0.0
Protagonists,0,2,2,0.0
Protos Agonistes,3,4,7,42.9
Prydwen,0,1,1,0.0
Psz,4,4,8,50.0
Punjab Rulers,0,1,1,0.0
PupupuLand,1,3,4,25.0
PureCloud PH,2,4,6,33.3
Pussi Gang 69,15,27,42,35.7
Q U I C K,0,1,1,0.0
QINNN,0,1,1,0.0
QThe ShyQ,10,6,16,62.5
QUIET GATHER,0,1,1,0.0
QUILL,15,37,52,28.8
QWEWQ,8,9,17,47.1
QuQnnTATnnOvO,90,92,182,49.5
R A N G,2,1,3,66.7
R E A D Y TO D I E,29,27,56,51.8
R E B O R N,1,1,2,50.0
R E P U B L I K A,0,2,2,0.0
R E V E R I E,1,2,3,33.3
R E V O L U T I O N,113,123,236,47.9
R E Z,19,22,41,46.3
R O O K I E S,79,77,156,50.6
R O S E,73,91,164,44.5
RABBIT RAIDERS,73,152,225,32.4
RAGNAROK,2,15,17,11.8
RAKUTAI,0,4,4,0.0
RAPTOR TH,8,11,19,42.1
RAT IT,1,0,1,100.0
RATS NESTT,40,32,72,55.6
REBEL DAGGER,1,3,4,25.0
REBELSCOUT,2,2,4,50.0
RECORD,0,1,1,0.0
RED HUNTERS,8,15,23,34.8
RED LIONs,0,1,1,0.0
REDEMPTION CODE,8,54,62,12.9
REDHAWKS,1,4,5,20.0
REGROUP,82,64,146,56.2
REGU MAWAR,2,9,11,18.2
RENEWAL,0,3,3,0.0
RESPECTED FAMILY,6,47,53,11.3
RHANK BODY,2,4,6,33.3
RIP N DIP,6,10,16,37.5
RISER,4,13,17,23.5
RITRATECLAN,0,3,3,0.0
RNK Octagram,0,2,2,0.0
RODOKER,0,5,5,0.0
ROMAN EMPIRE 1,1,11,12,8.3
ROYAL,16,18,34,47.1
ROYAL CARTEL,2,15,17,11.8
ROYAL CROWN,0,1,1,0.0
ROYAL GHOST,0,2,2,0.0
RUN LIKE HELL,0,3,3,0.0
RYLs,26,55,81,32.1
RZ NAP,0,1,1,0.0
Raid Leader Passionate K1ssing,1,0,1,100.0
Rainbow Dk Horse,12,6,18,66.7
Rainbow Gay Bar,0,2,2,0.0
Raining,90,88,178,50.6
Rajantara,1,3,4,25.0
Random Players,0,3,3,0.0
Ranger 01,0,2,2,0.0
Raptor INC,0,1,1,0.0
Rat Evasion,2,4,6,33.3
Raven Crawlers,0,1,1,0.0
Raven Reaper,4,27,31,12.9
Raze,97,104,201,48.3
Reaction,14,14,28,50.0
ReadyPlayer1,5,16,21,23.8
Real Man,71,88,159,44.7
Realest,13,12,25,52.0
Reborn from Nirvana,19,28,47,40.4
Recruit Corps,0,3,3,0.0
Red Bulls Gold Age,2,11,13,15.4
Red Circle,55,195,250,22.0
Red Fox,1,6,7,14.3
Red Mad Eagle,0,2,2,0.0
Red Paw Gang,3,38,41,7.3
Red Rebellion,2,4,6,33.3
Redips Society,7,6,13,53.8
Regalia Of Sanctum,0,5,5,0.0
Regnum Aurum Rex,0,4,4,0.0
Regular Pawns,0,1,1,0.0
Reiver,5,18,23,21.7
Rejimen Askar Melayu Diraja,0,1,1,0.0
Requiem for Dream,0,1,1,0.0
Rescue Station,206,202,408,50.5
Rest In Error,0,1,1,0.0
Rest home,1,13,14,7.1
Revolutional Army,0,10,10,0.0
Reworld,53,100,153,34.6
Ridiculous Artists,1,1,2,50.0
Rising Stars,0,14,14,0.0
Rising_Pheonix,0,1,1,0.0
Rivendels,4,2,6,66.7
RoYalBlooD,0,1,1,0.0
RobTheBank,2,0,2,100.0
Rogue Cat,2,14,16,12.5
Rohirrim,0,4,4,0.0
Ronan Griffin,4,12,16,25.0
Rookiez,0,1,1,0.0
Rothschild Business Empire,17,3,20,85.0
Royal Family Of Caesar,0,1,1,0.0
Royal GTS,0,12,12,0.0
Royal Shadowblades,0,1,1,0.0
Royal Vanguard,3,4,7,42.9
Royal-Thetford,0,5,5,0.0
RoyalZenith,0,1,1,0.0
Rubbycon,0,3,3,0.0
RubyLion,0,1,1,0.0
Rude Boys,4,4,8,50.0
Rujak,3,1,4,75.0
Rumah pandai besi,0,4,4,0.0
Rumbling,0,3,3,0.0
Run Around,0,2,2,0.0
Runaria,0,1,1,0.0
RunningKingdom,1,1,2,50.0
Russian guys,0,2,2,0.0
Ruthless,14,55,69,20.3
Ryofui Economy,2,7,9,22.2
Ryokohirosue,6,3,9,66.7
S A B O N G,14,19,33,42.4
S C A V E N G E R,0,7,7,0.0
S D G,15,66,81,18.5
S E A,0,1,1,0.0
S H I E L D,0,1,1,0.0
S I X S I X N I N E,0,1,1,0.0
S K U L L C R U S H E R S,0,3,3,0.0
S K Y,13,30,43,30.2
S O L,1,0,1,100.0
S O L O P,0,2,2,0.0
S U P K A I,3,5,8,37.5
S Y N D I C A T E S,91,72,163,55.8
S Z P,13,48,61,21.3
S-A-K-U-R-A,19,8,27,70.4
SACREDORDER,0,1,1,0.0
SAINT GERMAIN,3,6,9,33.3
SAINT ULTIMA,0,1,1,0.0
SAIYAN,2,22,24,8.3
SAKABA,2,12,14,14.3
SAMAGAHA,0,1,1,0.0
SAMURAI SPIRITS,6,4,10,60.0
SANDBOUND,1,8,9,11.1
SANOBA,0,1,1,0.0
SAOdeyapi,7,15,22,31.8
SATANEEKO,2,1,3,66.7
SBNFC,7,9,16,43.8
SCAMER,0,3,3,0.0
SCAVENGERZ,14,15,29,48.3
SCELINE,0,1,1,0.0
SCOODY BOO,4,1,5,80.0
SCYTHIA,0,5,5,0.0
SDteam,10,17,27,37.0
SEAR-Sixth,0,1,1,0.0
SELERA,0,1,1,0.0
SERELIC,0,2,2,0.0
SERIGALA HITAM,9,10,19,47.4
SHADOW X HUNTER,0,2,2,0.0
SHADOW__GARDEN,0,1,1,0.0
SHENJI,3,8,11,27.3
SHIVR,9,7,16,56.2
SHL GODS,1,0,1,100.0
SHONiN GUiLD,1,0,1,100.0
SHOWTIME,12,26,38,31.6
SHROUDED,9,10,19,47.4
SI HAI,7,4,11,63.6
SIENNA,0,1,1,0.0
SILANGAN,0,2,2,0.0
SINGAMAS XI,5,27,32,15.6
SINGLE SOUL,1,1,2,50.0
SIS-XXX,1,0,1,100.0
SLAF,17,58,75,22.7
SMURF,0,1,1,0.0
SNAKES OF SKY,1,16,17,5.9
SO EZ,85,121,206,41.3
SO RE,2,1,3,66.7
SOBATKUAT,0,6,6,0.0
SOEZ,9,4,13,69.2
SOLAR BENEDICTION,3,31,34,8.8
SOLO DAY,1,3,4,25.0
SOLO IN THE MOON,3,1,4,75.0
SOLO LEVEL1NG,1,5,6,16.7
SOLUMBRA,0,1,1,0.0
SON-Nightfall,0,1,1,0.0
SOVEREIGN AXIOM,0,1,1,0.0
SOYBAD LYM,2,9,11,18.2
SPARTA bro,1,3,4,25.0
SPCL Brotherhood,16,47,63,25.4
SS HR,1,0,1,100.0
SSARK,0,1,1,0.0
SSRR,3,36,39,7.7
ST Technologia,0,1,1,0.0
STATIC RATS,0,1,1,0.0
STEPPE DWELLER,0,1,1,0.0
STILL LONELY,1,1,2,50.0
STOICs,0,1,1,0.0
STRAYFANGS,16,6,22,72.7
STREET MAFIA,1,3,4,25.0
SULAPAQ,0,1,1,0.0
SUN RISE,1,5,6,16.7
SUNSET ROLLERCOASTER,0,1,1,0.0
SWAMP CROSS RESQUE,0,1,1,0.0
SWAPER8RULER,0,1,1,0.0
SWAT - PH,0,1,1,0.0
SWIPERS,1,0,1,100.0
SXJ,2,1,3,66.7
Sakura Blossom,0,2,2,0.0
Same-to-You,4,12,16,25.0
Samosa With Chutney,0,1,1,0.0
Samsara,0,1,1,0.0
Sanity Eclipse,10,20,30,33.3
Sapiens,3,0,3,100.0
Sapling-MIU00,25,69,94,26.6
Save Me,18,38,56,32.1
Saverty,15,26,41,36.6
Scarlet Bloodlust,0,7,7,0.0
ScarletValkyries,2,33,35,5.7
Sci,4,9,13,30.8
Screamy,26,50,76,34.2
Scythes Area,7,31,38,18.4
Sea Lion Victims,4,4,8,50.0
SeaFamily,3,5,8,37.5
Seaborn,15,6,21,71.4
Second Fear,20,18,38,52.6
Secr1T,12,6,18,66.7
Secret House,0,1,1,0.0
Secret Society,0,1,1,0.0
Sector 7,0,1,1,0.0
Seductive,1,1,2,50.0
Seeing Our Happiness,0,1,1,0.0
Selangor Guild,0,2,2,0.0
Sentients,2,0,2,100.0
Sentinels Arc,25,41,66,37.9
Sesame Street,0,5,5,0.0
Seth,2,2,4,50.0
Seven Hill,35,53,88,39.8
SexDungeon,1,1,2,50.0
Shadow Army 001,0,9,9,0.0
Shadow Castle,0,2,2,0.0
Shadow Cattery,0,1,1,0.0
Shadow Chaser PH,2,3,5,40.0
ShadowArise,1,8,9,11.1
ShadowFist,1,0,1,100.0
Shadowborn Syndicate,22,38,60,36.7
Shanghai Maid Cafe,0,1,1,0.0
Shangri-La Frontier,0,2,2,0.0
Shark Chew Toast,19,19,38,50.0
Shaun The Sheep,0,1,1,0.0
Shawdow Garden,0,2,2,0.0
Sheavfron,0,2,2,0.0
Shie Hassaikai,40,17,57,70.2
Shine On Me,1,3,4,25.0
Shining Star,69,101,170,40.6
Shu Shan,41,64,105,39.0
Shut It,14,25,39,35.9
Shutup Fxckoff,1,2,3,33.3
Sidasyokubutu,0,1,1,0.0
SideQuest,59,71,130,45.4
Sigma Man,16,21,37,43.2
Silent Storm,5,20,25,20.0
Silent Witch,11,6,17,64.7
SilentMemoirs,6,20,26,23.1
Silver Oath,1,8,9,11.1
SilverBuffGorillaz,0,4,4,0.0
SilveradoM,3,0,3,100.0
Singosari,229,254,483,47.4
Sinister Syndicate,2,5,7,28.6
Siphon Bank,0,1,1,0.0
Siphon box,0,2,2,0.0
Skibidi Warriors,0,1,1,0.0
Skip Tutorial,0,2,2,0.0
Skippers Rest,1,2,3,33.3
Skyrim Equilibrium,9,8,17,52.9
Slipknot,4,1,5,80.0
SlowLife,10,26,36,27.8
Slunecnice,0,2,2,0.0
SmashYou,4,8,12,33.3
SmileX,0,2,2,0.0
Snake Snake Fish Fish,79,84,163,48.5
SneakySquad,0,1,1,0.0
Sneakypotatoes,3,15,18,16.7
Sniper,3,1,4,75.0
Snow Angels,3,30,33,9.1
Snow Moon,5,15,20,25.0
Snow Wardens,1,5,6,16.7
Snowflakes,56,90,146,38.4
So-so,0,2,2,0.0
Solairion,1,2,3,33.3
Solo Gethring,0,1,1,0.0
Solo Speccing Guild,0,1,1,0.0
Solo Supremacy,0,1,1,0.0
Solo-King,167,144,311,53.7
SoloActivities,0,2,2,0.0
SoloboIo,0,2,2,0.0
Solsticee,0,2,2,0.0
Solvania,22,13,35,62.9
Someshit,0,1,1,0.0
Sons Of Anarchy ID,0,9,9,0.0
Sons of Naoero,6,34,40,15.0
Soop,5,19,24,20.8
Sorodot Gaplok,0,2,2,0.0
South PH,120,102,222,54.1
Space Wolves,1,7,8,12.5
SpaceWolves,3,2,5,60.0
SpartanS 300,31,66,97,32.0
Spear and Sword,1,5,6,16.7
Speed Check,198,110,308,64.3
Speed Run,31,34,65,47.7
Spero Spera,20,82,102,19.6
Spider GangZzzzz,0,1,1,0.0
Spider Guild PH,0,1,1,0.0
SpiderSpiders,0,2,2,0.0
Spiritfairer,0,1,1,0.0
Springs,217,130,347,62.5
Squammy Players,1,4,5,20.0
Squirtle Army,2,1,3,66.7
Star light,0,2,2,0.0
StarKnight,0,1,1,0.0
StarjixFans,1,1,2,50.0
Stark Supremacy,0,3,3,0.0
Starleaf Cafe,2,5,7,28.6
Starr_X,0,1,1,0.0
Stars Legends,3,22,25,12.0
SteadySolos,0,7,7,0.0
Steel Horizon,0,2,2,0.0
Stellar Alliance,94,119,213,44.1
Sterling Eagles,0,4,4,0.0
Sterlingrad,9,14,23,39.1
Stoned,0,1,1,0.0
Storm Riders,1,1,2,50.0
Strange Journey,14,7,21,66.7
Straw Hat,2,4,6,33.3
Stray Socks,21,32,53,39.6
StrayCats,2,3,5,40.0
Stronghold Crusader,1,1,2,50.0
SubuTai,153,118,271,56.5
Suger Babies,34,35,69,49.3
Suicide Renegades,0,2,2,0.0
Sultan Kudarat,2,0,2,100.0
Summers,345,194,539,64.0
Sun Rises,2,5,7,28.6
Sun-Walker,0,1,1,0.0
SundaEmpire I,0,1,1,0.0
Sunset,15,28,43,34.9
SuonPH,7,10,17,41.2
Super Sparrow,1,3,4,25.0
SuperLoot,0,6,6,0.0
Support Player,1,0,1,100.0
Survivors,0,1,1,0.0
Surya Agni,1,0,1,100.0
Suzumiya Haruhi,0,1,1,0.0
Sweetheart Boom,0,1,1,0.0
Swim Dragon,12,20,32,37.5
Switching To Heals,88,81,169,52.1
Sylvan Gaia,2,29,31,6.5
Syndicate Of Caerleon,0,14,14,0.0
SyntaxErr,18,8,26,69.2
Syuhada Force Alliance,0,1,1,0.0
T A R G A R Y E Ns,0,1,1,0.0
T H C,3,5,8,37.5
T H R O N E,6,9,15,40.0
T O K Y O,4,5,9,44.4
T S U K I,0,3,3,0.0
T1 FAKER,0,2,2,0.0
TACTICA MORTIS,5,12,17,29.4
TAKEDA 24,4,19,23,17.4
TANSHIN,0,1,1,0.0
TAXI,0,2,2,0.0
TCM-GROUP,1,0,1,100.0
TDCJ,1,1,2,50.0
TDW,0,1,1,0.0
TEAM_MEMOL,50,79,129,38.8
TEMPLARS_ORDER,36,39,75,48.0
TEMPLE OF THE KING,1,0,1,100.0
TEN4CITY,1,0,1,100.0
TESTUDO,2,7,9,22.2
TFzom,0,1,1,0.0
TGIF,32,31,63,50.8
THAILAND EAGLE,5,2,7,71.4
THANHLONGGUILD,0,1,1,0.0
THE CHOOSEN ONE,1,2,3,33.3
THE CONTINETAL GROUNDS,1,0,1,100.0
THE DAILY CHILL,0,3,3,0.0
THE DARKNES,0,1,1,0.0
THE DEMITs,0,5,5,0.0
THE FALLEN SERAPHIM,0,1,1,0.0
THE HOMELESS MEN,0,2,2,0.0
THE KEGAI,0,2,2,0.0
THE KNIGHTS OF JUDGMENT,8,10,18,44.4
THE LEGENDARY,7,29,36,19.4
THE LEGENDARY KNIGHTS,1,5,6,16.7
THE MORGRIM,9,8,17,52.9
THE ORACLE,1,0,1,100.0
THE RED KIN,0,3,3,0.0
THE RELATION,145,120,265,54.7
THE SEEKERS,0,3,3,0.0
THE TROUBLE MAKER,24,65,89,27.0
THE WAR,0,5,5,0.0
THE WARRI0RS,69,118,187,36.9
THE WEEKEND DAY,12,9,21,57.1
THE-IMMORTALS,1,17,18,5.6
THE-MERCENARIES,0,1,1,0.0
THE-PURGE,9,5,14,64.3
THEFTBALAHAP,1,10,11,9.1
THEMERCENARY,38,106,144,26.4
THE_EMPIRE,0,2,2,0.0
TIANLALA,2,1,3,66.7
TIANMA,1,4,5,20.0
TIKITIKI,2,3,5,40.0
TIME FS,0,1,1,0.0
TIMNAS Garuda,1,0,1,100.0
TKQ,0,3,3,0.0
TKR,0,1,1,0.0
TMN Institute 2nd floor,0,1,1,0.0
TOBA,0,1,1,0.0
TOHA,0,2,2,0.0
TOKYO_ANTI,0,1,1,0.0
TONGKRONGAN,0,1,1,0.0
TONPA GANG,26,71,97,26.8
TR1WUL4N,0,2,2,0.0
TROLLS,14,30,44,31.8
TRUM_MAFiA,0,7,7,0.0
TRlUMPH,75,95,170,44.1
TUKANGGAME,0,1,1,0.0
TUNDRAS,1,1,2,50.0
TUNNIYOM,0,1,1,0.0
TUPAD,2,0,2,100.0
TW-Club,7,18,25,28.0
TW-GIN,0,7,7,0.0
TWO STROKE,1,2,3,33.3
Take Care Your Ass,14,37,51,27.5
Take it easy jp,0,3,3,0.0
TakusaVegas,4,10,14,28.6
Talon,1,1,2,50.0
Tama Lab,0,6,6,0.0
Tamilaga Vettri Kazhagam,1,7,8,12.5
TamilnaduFEMBOYS,0,1,1,0.0
TanTamDai,0,8,8,0.0
Tanah Jawa,1,0,1,100.0
Tanuki,0,3,3,0.0
Tao co 3 bich,1,2,3,33.3
Tarumanagara,39,145,184,21.2
TaungPawTarLay,1,0,1,100.0
Taylor Swift,97,27,124,78.2
Tcho-Tcho,2,10,12,16.7
Team Heretics,0,2,2,0.0
Team Soul,0,7,7,0.0
Team Struggle,1,0,1,100.0
Teardrop,0,1,1,0.0
Technique,4,11,15,26.7
Temasek Holdings,1,8,9,11.1
Tempest of the Sands,3,2,5,60.0
Templar Caste,0,2,2,0.0
Templars Of Albion,2,2,4,50.0
Tengkorak,38,62,100,38.0
Teori Kemenangan,1,0,1,100.0
Test_Gild,0,1,1,0.0
Thai,1,1,2,50.0
The 001,0,2,2,0.0
The 1st Order,0,3,3,0.0
The Academy,3,13,16,18.8
The Alpha,0,4,4,0.0
The Best Noob here,10,6,16,62.5
The Betrayed,5,15,20,25.0
The Black Banner,11,7,18,61.1
The Black List,8,14,22,36.4
The Blaze,0,1,1,0.0
The Bonfire Vietnam,0,1,1,0.0
The Boyz,16,50,66,24.2
The Briny Depths,0,1,1,0.0
The Calamitas,0,1,1,0.0
The Castle Knights,10,16,26,38.5
The Catfish,4,6,10,40.0
The Chaotics Of Rats,0,1,1,0.0
The Crabzc,0,2,2,0.0
The Creator,0,1,1,0.0
The DailyLife PH,8,22,30,26.7
The Dancuk,0,6,6,0.0
The Destroyer,0,3,3,0.0
The Diviner,4,5,9,44.4
The Duck Covenant,1,1,2,50.0
The Elders Pact,8,26,34,23.5
The Elements of Harmony,0,1,1,0.0
The Eminence in SHADOW,16,15,31,51.6
The Executioners,0,3,3,0.0
The Exiles,0,1,1,0.0
The Eye,0,1,1,0.0
The Fide Blood,16,27,43,37.2
The First Order,0,2,2,0.0
The Flying Dachshund,0,3,3,0.0
The Flying Monkeys,1,0,1,100.0
The Four,1,0,1,100.0
The Four Kings,11,0,11,100.0
The Fried Nation,0,3,3,0.0
The Fury,1,0,1,100.0
The Gang,9,11,20,45.0
The Goat,0,1,1,0.0
The Greatest Noob Of All Time,0,1,1,0.0
The Holy Inquisition,0,1,1,0.0
The Hostile Gatherers,0,1,1,0.0
The Inquisition,1,4,5,20.0
The Iron Legion,3,15,18,16.7
The Jellyjot,27,24,51,52.9
The LOG HORIZON,0,1,1,0.0
The Laggy Guild,1,4,5,20.0
The Last Generation,2,5,7,28.6
The Last Whisper,0,6,6,0.0
The LastOfUs,0,2,2,0.0
The Lightbringers,8,10,18,44.4
The Lonely Moan,122,152,274,44.5
The Loot Goblins,5,6,11,45.5
The Master,1,5,6,16.7
The Mecha,0,5,5,0.0
The Mist Watcher,1,7,8,12.5
The Myth,87,94,181,48.1
The Neighborhood,71,75,146,48.6
The Newbies,0,1,1,0.0
The Night Legion,0,3,3,0.0
The Northern Constellations,24,43,67,35.8
The Northern Lands,5,15,20,25.0
The Nusantara,0,1,1,0.0
The OAs,0,2,2,0.0
The Order of the Golden Egg,0,1,1,0.0
The Outcast,8,5,13,61.5
The Outcasts,0,1,1,0.0
The Question,34,29,63,54.0
The Quinfall,2,0,2,100.0
The REVENGERS,8,22,30,26.7
The Red Nightmare,0,3,3,0.0
The Red X,2,7,9,22.2
The Retirables,0,1,1,0.0
The Rice of Asian,4,38,42,9.5
The Ritual,1,0,1,100.0
The Rumble,3,14,17,17.6
The Ruthless Angels,0,1,1,0.0
The Salty Chefs,24,30,54,44.4
The Savior,13,40,53,24.5
The Scarlet Dawn,36,82,118,30.5
The Shady Dragon Inn,0,1,1,0.0
The Simp Gang,8,9,17,47.1
The Slumbering Dragons,0,5,5,0.0
The Spell Seeker,0,1,1,0.0
The Undead Angels,2,19,21,9.5
The Valorians,3,18,21,14.3
The Wardens,15,49,64,23.4
The Wrath,0,1,1,0.0
The Zenith Stars,5,4,9,55.6
The ghost from burma,0,1,1,0.0
The hairsplitters,1,3,4,25.0
The king_s son,2,21,23,8.7
The legends,0,2,2,0.0
The swallow,63,101,164,38.4
TheAvatars,0,3,3,0.0
TheBiggestGG,0,1,1,0.0
TheCommander,1,2,3,33.3
TheCorporation,1,1,2,50.0
TheDwarfs,0,1,1,0.0
TheGreyKnight,15,36,51,29.4
TheKingIND,1,12,13,7.7
TheNextLevelPlay,2,2,4,50.0
TheUnholyOrder,0,1,1,0.0
The_APEX,27,81,108,25.0
Theatre of Blood,3,2,5,60.0
Thee Apostles,2,5,7,28.6
Thekno,0,1,1,0.0
Therian,0,1,1,0.0
Thetford YaYa,0,3,3,0.0
Thing,0,3,3,0.0
Thoth,0,1,1,0.0
Three Sword Style,5,8,13,38.5
Thril,2,14,16,12.5
Thronebound Shadows,2,2,4,50.0
ThuThiThanXa,0,1,1,0.0
Thugging Central,2,13,15,13.3
TiGiGi,4,8,12,33.3
TiP,4,7,11,36.4
Tiandao Pirates,6,35,41,14.6
Timawa,2,1,3,66.7
Times New Roman,1,2,3,33.3
TingDiDaAIYiJiaMeng,0,1,1,0.0
Tinkeronly1,0,3,3,0.0
Tirto Gakure,0,2,2,0.0
Titan Blaze,4,26,30,13.3
Tobacco,1,5,6,16.7
TogetherStrong,0,1,1,0.0
Tohou Project,13,28,41,31.7
Tokecang,0,1,1,0.0
Tokhang,1,8,9,11.1
Tokugawa,2,10,12,16.7
Tokyo Revengers,0,1,1,0.0
TokyoBear,12,8,20,60.0
TomTom Where You Go Last Night,0,1,1,0.0
Top One,0,1,1,0.0
Topspire,190,224,414,45.9
Torpedos,1,5,6,16.7
TotalDomination,0,1,1,0.0
Township Angel,0,3,3,0.0
Toxic Overflow,0,1,1,0.0
Toxic and suck,5,1,6,83.3
ToxicHell,0,2,2,0.0
Tradebound,1,12,13,7.7
Traitors of the Impure,1,6,7,14.3
Tralala,0,4,4,0.0
Transcendents,2,3,5,40.0
Trash Panda Syndicate,2,13,15,13.3
Tree Viper,78,49,127,61.4
Tree_Of_ Faith,19,24,43,44.2
Trinity Blood,0,3,3,0.0
TrueMatch,7,17,24,29.2
Trying to be,4,7,11,36.4
Tsuki No Hikari,0,2,2,0.0
TuFeiWo,0,1,1,0.0
TwinHead Thunder Dragon,5,7,12,41.7
Twisted Puck,1,2,3,33.3
Typhon,3,26,29,10.3
Tyranitar,0,1,1,0.0
U N D E R R A T E D,4,2,6,66.7
U T O P I A,0,1,1,0.0
UBEK,8,7,15,53.3
UGs Guild Island,0,1,1,0.0
UItimate Hunter,2,3,5,40.0
ULTIMATE REALM,2,6,8,25.0
ULTRAMAN ALBION,0,6,6,0.0
UNDER-WORLD,0,2,2,0.0
UNITED HEAVEN,1,2,3,33.3
UNITED REPUBLIC MERCHANTS,30,27,57,52.6
UNITED THETFORD,24,97,121,19.8
UN_EMPIRE,0,4,4,0.0
UUCCH,0,3,3,0.0
Uchiha house,0,1,1,0.0
Ukrainian,0,1,1,0.0
Ultraviolet,0,1,1,0.0
Un noob,0,1,1,0.0
UndeadWarriors,0,1,1,0.0
Understand,4,7,11,36.4
Unicorn Shield,1,0,1,100.0
UnifyVN - 304,91,91,182,50.0
United Royal Knight,1,9,10,10.0
Universe25,0,4,4,0.0
Universitas Perkocokan,1,0,1,100.0
Untamed Axis Covenant,3,3,6,50.0
Upper Class,1,1,2,50.0
Use Cleanse,0,15,15,0.0
Usual Suspects,0,1,1,0.0
V A G A B O N D,124,65,189,65.6
V1OLET,60,94,154,39.0
VARTICAN,7,10,17,41.2
VELARIS,20,28,48,41.7
VENDETTA AGAINST LAG,0,4,4,0.0
VESPERA,1,2,3,33.3
VFX,6,9,15,40.0
VH DOMINION,0,1,1,0.0
VIDE,9,4,13,69.2
VIDIRAN,0,1,1,0.0
VIET NAM ssm,35,117,152,23.0
VILLAGE,2,2,4,50.0
VINA HOUSE,38,82,120,31.7
VIORIF,0,4,4,0.0
VN Cong San,2,5,7,28.6
VN-KANGAROO,22,50,72,30.6
VN1945,8,10,18,44.4
VOID KINGS,0,1,1,0.0
VOID OF CHAOS,0,1,1,0.0
VOIDBOUNDS,0,3,3,0.0
VORPAL SWORD,2,4,6,33.3
VOYAGER CORPS,4,18,22,18.2
VUUR,0,1,1,0.0
Valar_Morghulis,17,10,27,63.0
Valiant Era,1,0,1,100.0
Valiant Immortals,0,2,2,0.0
Valinor,0,2,2,0.0
Valmera,6,7,13,46.2
Vanguard Syndicate,2,3,5,40.0
Variant,3,19,22,13.6
Vendettui,3,1,4,75.0
VenomGang,1,0,1,100.0
Verazoe,1,0,1,100.0
Verdant Ledger,0,2,2,0.0
Verdant Ring,8,17,25,32.0
Vermillion Draco,0,1,1,0.0
Veto,4,8,12,33.3
Vibing Royalist School,1,8,9,11.1
VictorySong,2,15,17,11.8
VietNam TheFord,12,34,46,26.1
VietNamHoChiMinh,0,5,5,0.0
Villain Society,3,7,10,30.0
Viperss,0,1,1,0.0
Viruz,3,46,49,6.1
Visayan Express,9,17,26,34.6
Vital,0,1,1,0.0
Vivarium,0,1,1,0.0
Vladivostok,1,1,2,50.0
Vobby x Lina,0,4,4,0.0
Void Legacy,0,5,5,0.0
Void Walkers,1,8,9,11.1
Voidbound Order,2,5,7,28.6
Vold,0,2,2,0.0
Voltron,3,8,11,27.3
Vulcanus,0,1,1,0.0
W 0 L F g A N G,0,1,1,0.0
W A R M O N G E R,1,0,1,100.0
W BLOOD,13,16,29,44.8
W H I T E L O T U S,1,1,2,50.0
W2P,2,1,3,66.7
WADIMOR,0,1,1,0.0
WAKE UP DOGS,3,4,7,42.9
WAO,1,0,1,100.0
WARAY-WARAY GANG,0,3,3,0.0
WARBAND_COMPANY,2,7,9,22.2
WARDEN X,1,11,12,8.3
WARDEN-SLAYER,0,7,7,0.0
WARGA KONOHA,1,12,13,7.7
WARRIORS INITIATES,5,23,28,17.9
WAR_HORSE,0,2,2,0.0
WE SPLIT HERE,3,1,4,75.0
WHITEOUT,0,4,4,0.0
WILD RAT,2,1,3,66.7
WILL,0,2,2,0.0
WINDPhoenix,3,4,7,42.9
WINTERGUARD,0,3,3,0.0
WINTERZ,6,30,36,16.7
WMB,0,1,1,0.0
WORDLESS,0,1,1,0.0
WORST,7,12,19,36.8
WOT,0,1,1,0.0
WTP,0,4,4,0.0
WWWWWWWWWW,0,1,1,0.0
WaI WaI,2,0,2,100.0
Waiting for the future,0,1,1,0.0
Wakanda62,0,12,12,0.0
WakuWaku,0,1,1,0.0
WalkingInSweatyTown,4,10,14,28.6
Walter,6,20,26,23.1
Wandering healers,0,1,1,0.0
Wanderland,0,1,1,0.0
War Bears,3,26,29,10.3
War Cry,5,11,16,31.2
War Hunter,1,2,3,33.3
War of Shawdows,10,45,55,18.2
Wardens,3,3,6,50.0
Warhammer Dark Tide,6,8,14,42.9
Warhammer Defense Core,8,17,25,32.0
WarkopAhh,0,1,1,0.0
Warrior Exile,6,14,20,30.0
Warriors of World,0,1,1,0.0
Watchmen Guild,7,1,8,87.5
Wave_Sea,4,2,6,66.7
Wavei,38,45,83,45.8
Wawa Wand,0,3,3,0.0
Wayfinder Knights,12,58,70,17.1
We Are Revengers _ WAR,1,8,9,11.1
WeTheNagas,2,4,6,33.3
Web of Shadows,18,12,30,60.0
Welangbumi Gronggongan,4,23,27,14.8
Western Han Dynasty,0,2,2,0.0
Western Paradise,133,185,318,41.8
Wewe,0,3,3,0.0
WhatThatSkill,6,8,14,42.9
Whirlwind,0,4,4,0.0
Whisper of Death,0,1,1,0.0
Whispering Deer,0,5,5,0.0
White Blight Freemen,0,1,1,0.0
WhiteDragons,11,54,65,16.9
WhiteSuits,62,120,182,34.1
White_House,0,10,10,0.0
Whitefang Battalion,1,14,15,6.7
Whyme 2,20,17,37,54.1
Wicked Croc,8,22,30,26.7
Wild Ape,108,26,134,80.6
Wild Cards,3,4,7,42.9
Wind Cloud,0,1,1,0.0
Wing of Liberty,27,59,86,31.4
Wings of Liberty,0,5,5,0.0
Wo cao ni ma,0,1,1,0.0
WoErHuo,7,6,13,53.8
Wolf-Royal,0,1,1,0.0
Wolves Beneath the Iron Moon,0,1,1,0.0
Wolves Of Caerleon,0,6,6,0.0
Wolves Of The Night,2,27,29,6.9
WolvesDen,14,13,27,51.9
WonderPets,2,13,15,13.3
Woodong,0,1,1,0.0
WowMayKay,10,14,24,41.7
WuKingWanSui,6,6,12,50.0
Wysteria,22,25,47,46.8
X404X,0,2,2,0.0
XCVI,0,1,1,0.0
XEON,0,6,6,0.0
XGMA Lyon,1,1,2,50.0
XHCN,12,8,20,60.0
XHUNTER,1,4,5,20.0
XIAOTUZI,0,3,3,0.0
XIX,0,1,1,0.0
XRAINDERS,0,3,3,0.0
XXYYXX,0,1,1,0.0
XenoxGzile,0,1,1,0.0
XwX-_UnDead,1,2,3,33.3
XxDLLMxX,0,1,1,0.0
Y e S A u T o M a T i c,0,1,1,0.0
YAHOMIA,0,1,1,0.0
YAJUSKBJapan,1,2,3,33.3
YANA,7,5,12,58.3
YEW WOOD,8,2,10,80.0
YIBAMBE STRONG,0,9,9,0.0
YPM,0,4,4,0.0
YUN DUAN,9,4,13,69.2
Yajok_Family,1,1,2,50.0
Yami Ronin,0,2,2,0.0
YangMaiNon,0,2,2,0.0
Yellow Zone Kings,7,18,25,28.0
YeoPo,15,21,36,41.7
Yesllsvllsv,3,2,5,60.0
Young Dumb Broke,0,1,1,0.0
Your Father,4,1,5,80.0
YourLord,1,2,3,33.3
YuanShan,0,1,1,0.0
YunShen,0,2,2,0.0
Yuzi,1,3,4,25.0
Z E R O S,5,5,10,50.0
ZDYPVP,1,0,1,100.0
ZERAVIM,0,1,1,0.0
ZINGERS,0,2,2,0.0
ZONE 14,1,0,1,100.0
ZONE DWELLERS,1,1,2,50.0
Zarathustra,0,2,2,0.0
Zdaqian,0,1,1,0.0
ZeTe,1,2,3,33.3
Zenin Association,0,1,1,0.0
Zero station,0,1,1,0.0
Zero to Hero-CN,0,4,4,0.0
ZhuanZhuanFu,0,5,5,0.0
Zivota,2,9,11,18.2
Zizonpa,4,3,7,57.1
Zombieland VN,0,1,1,0.0
Zongheng Strategists,3,7,10,30.0
Zuppy Transport,3,0,3,100.0
a1987,4,1,5,80.0
aaaaaaaaaaa,1,0,1,100.0
abew_sKINGDOM,0,2,2,0.0
abuse it,1,1,2,50.0
adventurous soul,1,5,6,16.7
aerbeisiyaosai,0,1,1,0.0
ahsibal,0,1,1,0.0
alibaba group,0,1,1,0.0
alismaili,0,10,10,0.0
all pve,2,3,5,40.0
altmxm,0,1,1,0.0
anomali SILUMAN,13,36,49,26.5
anu,2,2,4,50.0
appuhom,0,1,1,0.0
aqag,0,1,1,0.0
ar lone ka nyi ko twy,1,0,1,100.0
archane of shadow,0,1,1,0.0
ashura realm,0,1,1,0.0
asile,3,33,36,8.3
assalamualaikum,1,3,4,25.0
assassin of desert,1,0,1,100.0
atharaxia,0,2,2,0.0
aylan,0,1,1,0.0
azdd,0,2,2,0.0
bage99,1,0,1,100.0
batubara,0,1,1,0.0
beautiful girl,2,1,3,66.7
big boom,0,7,7,0.0
bigotes,0,1,1,0.0
biji,0,1,1,0.0
boar armyy,0,2,2,0.0
booz party,21,32,53,39.6
bored,0,1,1,0.0
bosaBOSS,23,56,79,29.1
breaking,0,2,2,0.0
bumbumbambam,0,1,1,0.0
busibuxiu,6,14,20,30.0
cai bi,4,6,10,40.0
calizeum,1,1,2,50.0
caravan jaya makmur,1,22,23,4.3
cat and rat,15,67,82,18.3
cctick,1,6,7,14.3
chaiyuan,1,0,1,100.0
changchen,1,0,1,100.0
chill here,63,44,107,58.9
chrope,1,0,1,100.0
cisss4,1,1,2,50.0
conquer,27,41,68,39.7
crockwell,1,0,1,100.0
crusadors,1,1,2,50.0
daixincaiji,0,1,1,0.0
darah naga,0,1,1,0.0
dawn army,2,3,5,40.0
day day up one,3,2,5,60.0
deadwood,3,6,9,33.3
decider,1,8,9,11.1
deepseek,1,0,1,100.0
descend,1,9,10,10.0
desert cat,4,5,9,44.4
disconection,9,9,18,50.0
dmwwrasia,0,3,3,0.0
dogus,0,2,2,0.0
eRa Empire,73,134,207,35.3
ekko,0,1,1,0.0
estopado,0,1,1,0.0
evildoer,1,4,5,20.0
eye GMancing,0,2,2,0.0
eza,0,1,1,0.0
fiji souetu,0,5,5,0.0
fine cut mild,0,1,1,0.0
flood control projects,0,1,1,0.0
foret brune,0,4,4,0.0
fortuita viri,0,4,4,0.0
free newber,3,1,4,75.0
fumass,0,1,1,0.0
gang of three,0,1,1,0.0
gankcca,0,1,1,0.0
gao xiao,0,2,2,0.0
gather,1,0,1,100.0
gff,0,1,1,0.0
give me ox,0,2,2,0.0
gou 8,1,0,1,100.0
gou8,5,4,9,55.6
great hammer gang,2,6,8,25.0
grimmsOnly,1,1,2,50.0
grlln,8,0,8,100.0
gunyong,0,1,1,0.0
hand of god,6,14,20,30.0
handsome,6,0,6,100.0
happyday 365,3,5,8,37.5
hehaheha,3,8,11,27.3
hihifam,1,1,2,50.0
hodsusrussia,3,0,3,100.0
holow,2,1,3,66.7
hua,6,11,17,35.3
hunter noob,1,1,2,50.0
indo guild,1,1,2,50.0
indo_god,0,1,1,0.0
indogamer,0,1,1,0.0
itinerary,31,67,98,31.6
jaya groub,0,1,1,0.0
jian lai,0,1,1,0.0
jjg886,0,1,1,0.0
joyoonho,0,1,1,0.0
just need time,4,3,7,57.1
justcrafting,1,0,1,100.0
k0storage,0,1,1,0.0
kaisa,12,3,15,80.0
kawanmlati,0,3,3,0.0
keratom,0,2,2,0.0
kill and loot,0,2,2,0.0
kill pigs,0,1,1,0.0
king of static,0,1,1,0.0
kings mansa musaa,1,1,2,50.0
kinsparta,0,13,13,0.0
kissmya55,5,7,12,41.7
kkkupal,0,3,3,0.0
kmp999,0,1,1,0.0
knightchullabbey,2,2,4,50.0
kodoha Region,0,3,3,0.0
kokop,7,7,14,50.0
koplok na,3,3,6,50.0
koryen,1,0,1,100.0
kuli batak,0,3,3,0.0
kurtlar vadisi albion,0,1,1,0.0
l-Merchant-I,0,1,1,0.0
lalatoyaa,0,4,4,0.0
laohulaohu,0,2,2,0.0
large and perfect group,0,3,3,0.0
largeshellfish,1,1,2,50.0
legionaires,1,7,8,12.5
lets do it,3,6,9,33.3
light of darkness,1,1,2,50.0
liken,0,2,2,0.0
lil2guild,0,2,2,0.0
little_pig,0,1,1,0.0
long de chuan ren,0,1,1,0.0
longlife,0,1,1,0.0
longyuanxianzong,2,10,12,16.7
luciffer666xxx,0,1,1,0.0
mahu,0,1,1,0.0
make heart,0,1,1,0.0
mao-ni-ma-de2B,3,10,13,23.1
markopolo,1,9,10,10.0
mechanical,33,32,65,50.8
memeng,1,6,7,14.3
minna arigatou,2,4,6,33.3
mistdead,1,3,4,25.0
mizo,13,16,29,44.8
mnxk,0,1,1,0.0
momok,0,2,2,0.0
monito,1,10,11,9.1
nama sesuai keyakinan,0,2,2,0.0
nanjingdapaidang,21,62,83,25.3
netizen indo,9,15,24,37.5
new boombap,1,2,3,33.3
newebies,0,1,1,0.0
ninhbinh,0,7,7,0.0
niubidian,18,16,34,52.9
nognog_planet,0,1,1,0.0
nomery,4,15,19,21.1
noobbbbbbbbbb,1,0,1,100.0
not cute anymore,219,169,388,56.4
octugram,6,29,35,17.1
ok sit down pls,3,2,5,60.0
ory,0,1,1,0.0
overbudget,3,11,14,21.4
padjadjaran,0,2,2,0.0
paladusing,3,9,12,25.0
pale horse,0,2,2,0.0
papipum,0,1,1,0.0
party of bloods,1,6,7,14.3
peace maker,9,58,67,13.4
peace war found,1,0,1,100.0
pejuangrupiah,0,3,3,0.0
pepper,0,1,1,0.0
perfect team,0,1,1,0.0
phantoms,1,0,1,100.0
pick me,0,2,2,0.0
pig bank,13,26,39,33.3
piko,0,1,1,0.0
plan c,1,1,2,50.0
poko a house,0,1,1,0.0
poop man,1,0,1,100.0
puniceus,13,18,31,41.9
puno ng saging,0,1,1,0.0
pvp only,0,2,2,0.0
qallisback,0,1,1,0.0
queen of static,1,5,6,16.7
qui trans mare,2,11,13,15.4
r1Nne den,3,2,5,60.0
reDot,1,0,1,100.0
rea reo,0,1,1,0.0
red king,52,48,100,52.0
restart,1,2,3,33.3
ri ni ma,1,2,3,33.3
roam on hell,0,2,2,0.0
royal trading,4,2,6,66.7
sarawet,0,1,1,0.0
sellingfood,0,3,3,0.0
sena poko,0,1,1,0.0
sex brothers,0,1,1,0.0
sexie,3,8,11,27.3
shadow of lym,0,1,1,0.0
shanghaiuzi,0,1,1,0.0
shanzei,0,2,2,0.0
shelter,0,1,1,0.0
sidsid,1,4,5,20.0
sieege,1,0,1,100.0
siro-kuma,0,6,6,0.0
six doors,39,40,79,49.4
skyExplorer,0,1,1,0.0
slaves leader,3,9,12,25.0
snow forest,134,99,233,57.5
solo bolero,2,4,6,33.3
solo player 99,1,0,1,100.0
speed,0,5,5,0.0
srdz,0,3,3,0.0
ssak ssak,2,6,8,25.0
sshh,1,2,3,33.3
strange thief,1,23,24,4.2
sugar core,1,0,1,100.0
sun empire,2,10,12,16.7
swalo,2,2,4,50.0
syntherra,1,11,12,8.3
tSHORVA,0,3,3,0.0
takkasin club,4,13,17,23.5
tamago X gohan,2,8,10,20.0
tanoshii hunters,0,1,1,0.0
temporary organization,3,4,7,42.9
text,0,1,1,0.0
thanhtochairsalon,0,1,1,0.0
the Gods of deth,0,3,3,0.0
the Warrior,0,6,6,0.0
the angin,0,1,1,0.0
top pvp,1,2,3,33.3
tusi,3,9,12,25.0
tyui,0,1,1,0.0
unLuck,0,2,2,0.0
under60,2,2,4,50.0
v o d k a,4,4,8,50.0
veni vedi veci,16,24,40,40.0
vermilion,1,0,1,100.0
via,10,9,19,52.6
vivi,1,9,10,10.0
voids,1,0,1,100.0
votre,0,3,3,0.0
watashiwatsukuu,2,6,8,25.0
wayfares,1,1,2,50.0
wayn,0,1,1,0.0
we have dream,0,3,3,0.0
weIc0me to AlbionOnline,1,0,1,100.0
welcome newbie league,0,11,11,0.0
what is eternity,9,4,13,69.2
whats cooking,1,8,9,11.1
why you bully me,31,17,48,64.6
why you crying,12,1,13,92.3
why you nega,0,1,1,0.0
wightnight,0,2,2,0.0
wijaya,0,7,7,0.0
woooo,0,5,5,0.0
x I N Q U I S I T I O N x,0,1,1,0.0
x x,0,1,1,0.0
xCUTIESx,63,109,172,36.6
xNEMESISx,4,7,11,36.4
xiwde,0,1,1,0.0
xxSOLVANE xx,3,7,10,30.0
ya ya sal a seo boja,10,1,11,90.9
yasai seikatu,0,5,5,0.0
yni,0,2,2,0.0
youti_lab,1,2,3,33.3
yuhuuuu,0,2,2,0.0
yuke,2,3,5,40.0
yyjjcc,1,3,4,25.0
zhuajiQAQ,0,1,1,0.0
zhuzhuking,0,1,1,0.0
zzzby,1,0,1,100.0
